Index,Class0_Sum,Class1_Sum
0,-2,5
1,3,-3
2,0,0
3,1,6
4,4,0
5,1,1
6,0,1
7,5,-7
8,2,-2
9,4,-4
10,-2,3
11,6,-6
12,4,-7
13,-7,0
14,5,-2
15,-3,2
16,5,-7
17,2,0
18,13,-6
19,4,-5
20,-8,4
21,-1,-1
22,0,7
23,-1,-1
24,-3,-4
25,10,0
26,-5,-2
27,0,0
28,3,-3
29,2,-6
30,-7,7
31,3,-3
32,-7,5
33,-8,4
34,0,2
35,9,-6
36,1,1
37,-2,5
38,-7,5
39,9,-3
40,-1,-5
41,9,-7
42,-3,6
43,5,-2
44,-6,4
45,9,-5
46,2,-5
47,-8,6
48,0,-2
49,-5,-1
50,-3,0
51,2,-4
52,-1,0
53,-3,2
54,3,-4
55,4,0
56,0,0
57,-7,1
58,3,-4
59,2,-9
60,7,-9
61,-1,-1
62,8,-4
63,2,2
64,-5,-1
65,-7,5
66,4,0
67,3,-3
68,2,2
69,-3,1
70,11,-4
71,1,-7
72,-7,5
73,9,-7
74,-2,5
75,-7,5
76,-3,-4
77,-1,4
78,3,-5
79,10,-5
80,-5,-2
81,-3,-4
82,3,-2
83,-8,4
84,9,-1
85,-3,2
86,-6,6
87,-3,2
88,-5,-2
89,-2,3
90,2,2
91,-1,2
92,3,-3
93,-8,4
94,2,-2
95,7,-3
96,0,0
97,-2,2
98,-1,1
99,5,-7
100,1,1
101,4,0
102,2,-9
103,-4,-2
104,-2,2
105,1,0
106,8,-4
107,-8,4
108,-7,5
109,-7,5
110,-1,4
111,6,-7
112,0,7
113,-7,0
114,2,-2
115,-5,-1
116,-1,0
117,2,2
118,3,-5
119,-5,7
120,-3,-3
121,2,1
122,0,0
123,-1,-1
124,-3,1
125,6,-7
126,5,-7
127,-3,2
128,-2,5
129,2,-9
130,2,-4
131,-7,1
132,8,-2
133,8,-4
134,4,-3
135,4,0
136,-1,-1
137,7,-9
138,0,2
139,1,-1
140,-8,4
141,3,-3
142,2,-2
143,-1,2
144,-2,-4
145,11,-4
146,-5,-1
147,0,0
148,-1,1
149,-7,0
150,2,-1
151,0,3
152,4,-5
153,-3,6
154,5,-7
155,-7,5
156,2,0
157,2,2
158,5,-4
159,-2,3
160,0,0
161,-4,3
162,2,2
163,0,-6
164,-2,0
165,0,0
166,10,-6
167,4,-5
168,-2,5
169,1,-5
170,5,2
171,4,-2
172,-7,5
173,-7,5
174,-8,2
175,11,-8
176,-1,-2
177,2,-4
178,-3,4
179,-5,-2
180,-5,7
181,5,-2
182,5,-7
183,1,-5
184,-5,7
185,10,0
186,-2,5
187,3,4
188,-7,5
189,9,-7
190,-6,0
191,9,-5
192,2,-6
193,2,-4
194,11,-8
195,2,2
196,1,-5
197,1,0
198,-2,5
199,2,-9
200,7,-5
201,7,-5
202,-3,0
203,-6,0
204,-3,-3
205,-8,4
206,0,0
207,2,-4
208,-8,6
209,-1,-5
210,-2,0
211,11,-5
212,-8,4
213,0,-6
214,12,-2
215,-1,-1
216,1,-1
217,2,-4
218,-7,5
219,-6,8
220,-2,1
221,4,-2
222,5,-7
223,-3,6
224,-1,2
225,-7,5
226,-8,2
227,1,-1
228,-8,4
229,10,-5
230,5,-7
231,-1,-1
232,-2,3
233,8,-4
234,-2,3
235,0,-7
236,-3,2
237,6,-7
238,-2,5
239,-7,0
240,-1,8
241,-2,3
242,-6,0
243,-5,2
244,-6,0
245,2,-2
246,-2,3
247,2,4
248,4,-1
249,-6,0
250,0,0
251,-7,7
252,7,0
253,4,-1
254,4,-2
255,-2,3
256,-2,3
257,4,-5
258,-7,0
259,1,-1
260,-3,-4
261,-1,2
262,-2,0
263,1,-5
264,9,-3
265,-1,0
266,5,-4
267,-7,5
268,1,-1
269,2,-2
270,-5,7
271,-7,5
272,2,-4
273,0,-7
274,7,-4
275,5,-7
276,0,0
277,4,-5
278,2,-5
279,4,-5
280,-2,-4
281,-1,3
282,-7,5
283,13,-6
284,3,-3
285,0,3
286,-3,2
287,-1,-5
288,0,-2
289,8,-4
290,-1,1
291,-7,5
292,1,-1
293,-7,5
294,1,6
295,0,0
296,-8,4
297,0,-7
298,2,-4
299,-2,3
300,-1,1
301,-2,3
302,-3,-4
303,0,5
304,-1,8
305,-5,-1
306,-4,2
307,-5,-2
308,-3,1
309,-8,4
310,-1,-1
311,-7,5
312,3,-3
313,-1,-5
314,-1,4
315,7,-9
316,2,-4
317,0,-7
318,11,-5
319,1,-1
320,1,-7
321,-6,8
322,3,-3
323,-2,3
324,-8,4
325,-7,5
326,-2,5
327,6,-3
328,11,-8
329,-8,6
330,2,0
331,2,-2
332,-6,8
333,2,0
334,6,-2
335,-1,4
336,11,-3
337,2,2
338,-1,-1
339,5,-3
340,-6,8
341,2,-2
342,-3,2
343,3,-5
344,4,2
345,-2,3
346,11,-4
347,-3,0
348,11,-4
349,-3,2
350,-1,-2
351,-2,5
352,-1,-1
353,12,-7
354,-7,5
355,-5,-1
356,0,-7
357,4,-5
358,-1,0
359,-2,3
360,2,1
361,-3,6
362,4,-4
363,-1,0
364,1,-1
365,-3,2
366,4,-5
367,7,0
368,-6,0
369,-3,-4
370,9,-6
371,0,3
372,-1,1
373,0,0
374,11,-3
375,1,-5
376,10,-6
377,1,-1
378,4,-1
379,-6,8
380,2,2
381,-1,-5
382,-8,6
383,5,-7
384,-5,-2
385,-8,4
386,-2,3
387,5,-6
388,-8,4
389,9,-6
390,1,-1
391,7,-9
392,-6,8
393,-1,1
394,-4,3
395,-6,0
396,3,-5
397,4,0
398,1,-5
399,10,-4
400,3,-3
401,-5,-1
402,2,-9
403,-1,-1
404,5,-3
405,1,2
406,2,-9
407,-7,5
408,-6,8
409,-6,8
410,-1,2
411,8,-4
412,0,0
413,-7,5
414,2,-6
415,-5,-2
416,9,-7
417,-2,3
418,4,0
419,-6,8
420,0,3
421,-3,4
422,-6,0
423,-1,4
424,2,-4
425,5,-7
426,4,-4
427,-2,5
428,-7,0
429,-1,-5
430,2,-5
431,4,1
432,4,0
433,3,-5
434,-2,5
435,4,-5
436,-6,4
437,-7,5
438,-7,5
439,0,-2
440,-1,-1
441,5,-7
442,-5,7
443,-2,1
444,0,0
445,0,-7
446,-1,-1
447,2,2
448,2,-2
449,2,-2
450,-8,4
451,-2,5
452,-1,-1
453,4,-4
454,2,-4
455,-2,3
456,3,-3
457,-1,2
458,3,4
459,-1,4
460,11,-4
461,5,-7
462,-7,7
463,1,-1
464,7,-9
465,-4,3
466,-4,2
467,-2,5
468,10,0
469,1,-5
470,-6,4
471,2,-1
472,-7,5
473,-2,3
474,0,2
475,6,-3
476,0,5
477,1,-5
478,2,3
479,3,-3
480,5,-6
481,4,-2
482,1,3
483,-6,0
484,4,0
485,2,-9
486,12,-2
487,-2,5
488,3,-3
489,2,-6
490,0,0
491,1,-7
492,12,-2
493,-3,6
494,4,-1
495,2,-2
496,-7,5
497,0,0
498,14,-5
499,2,0
500,-2,3
501,4,0
502,5,-3
503,-2,5
504,6,-3
505,3,-5
506,3,-4
507,4,-7
508,2,-2
509,-1,-1
510,-2,3
511,-3,0
512,-5,-1
513,2,2
514,-7,5
515,1,2
516,1,1
517,-7,5
518,-4,-2
519,10,-6
520,-5,7
521,2,-2
522,-1,-1
523,1,-1
524,-7,0
525,-5,-2
526,1,4
527,-2,3
528,8,-4
529,1,0
530,9,-3
531,-6,0
532,-7,5
533,-2,5
534,2,2
535,1,1
536,0,-2
537,-2,5
538,1,-1
539,-2,5
540,-7,5
541,2,-4
542,-7,5
543,4,0
544,-2,3
545,1,1
546,-5,7
547,6,-7
548,0,0
549,0,0
550,2,-9
551,14,-5
552,-8,4
553,-2,2
554,-3,2
555,-7,5
556,1,-1
557,2,-9
558,-2,5
559,-5,-2
560,2,-9
561,2,0
562,-7,5
563,-2,5
564,2,2
565,11,-5
566,0,0
567,2,-2
568,2,-2
569,8,-4
570,-1,6
571,-7,5
572,2,-2
573,2,-2
574,3,-3
575,9,-6
576,-1,-1
577,0,-7
578,-2,5
579,-1,4
580,0,0
581,7,0
582,2,-9
583,2,-4
584,4,-4
585,2,2
586,-7,5
587,-3,4
588,9,-3
589,-4,-2
590,5,-6
591,4,2
592,-7,5
593,-7,5
594,2,-2
595,-8,6
596,-7,0
597,10,-5
598,1,-5
599,-4,3
600,0,-7
601,-1,0
602,5,-2
603,4,-1
604,0,-2
605,-2,3
606,-3,-4
607,1,-1
608,-3,2
609,-3,2
610,-8,4
611,-3,-4
612,11,-4
613,2,1
614,-2,5
615,2,-4
616,-7,5
617,-2,5
618,-7,5
619,-3,-3
620,11,-8
621,-3,1
622,2,0
623,1,1
624,1,-5
625,12,-7
626,4,-2
627,-8,4
628,10,-4
629,-7,5
630,2,-2
631,7,-4
632,6,-3
633,-7,0
634,-4,3
635,-6,0
636,-2,5
637,-7,7
638,-1,1
639,-2,3
640,0,-2
641,5,-2
642,-1,0
643,9,-7
644,0,-2
645,13,-6
646,0,3
647,11,-8
648,2,-2
649,0,3
650,-5,-2
651,0,7
652,0,-6
653,4,-4
654,1,-5
655,-7,5
656,-5,-1
657,0,-7
658,-1,4
659,0,1
660,0,7
661,-3,4
662,-2,0
663,5,-7
664,-2,5
665,11,-4
666,-2,5
667,-7,5
668,0,0
669,0,5
670,-7,5
671,4,-5
672,6,-3
673,6,-6
674,4,2
675,0,-6
676,-9,5
677,-8,6
678,-7,5
679,3,-3
680,0,7
681,9,-6
682,9,-3
683,-1,6
684,2,3
685,0,0
686,0,-2
687,-1,1
688,-1,1
689,2,0
690,12,-7
691,5,2
692,0,0
693,-3,2
694,-9,5
695,-2,2
696,4,0
697,6,-3
698,5,-3
699,-5,7
700,2,-2
701,1,-5
702,12,-7
703,3,-4
704,-3,0
705,2,-2
706,-1,-1
707,0,7
708,-7,5
709,-7,1
710,-1,2
711,0,-2
712,2,-2
713,1,-1
714,-8,6
715,0,0
716,11,-5
717,-5,-1
718,7,-9
719,9,-3
720,-4,-2
721,7,-1
722,9,-3
723,7,0
724,-1,3
725,7,0
726,0,-2
727,2,2
728,-1,-1
729,0,1
730,0,5
731,-7,1
732,1,-5
733,3,1
734,3,-3
735,-8,6
736,4,-2
737,-2,5
738,-7,5
739,-3,-3
740,1,-7
741,0,0
742,-7,0
743,0,-7
744,0,-7
745,-2,-4
746,-5,2
747,1,-7
748,4,2
749,-1,-1
750,-7,5
751,0,0
752,11,-8
753,-8,2
754,2,4
755,1,-5
756,-2,3
757,12,-2
758,2,-2
759,-5,-1
760,2,0
761,-3,-4
762,2,3
763,5,-7
764,-6,0
765,0,7
766,2,-6
767,-8,6
768,3,-5
769,2,-5
770,-8,2
771,-5,-2
772,1,1
773,9,-3
774,4,-2
775,4,-2
776,-2,0
777,-2,3
778,1,-1
779,11,-8
780,4,0
781,1,-5
782,7,-4
783,-8,4
784,0,5
785,5,-7
786,4,-2
787,-1,6
788,-3,2
789,3,1
790,-3,-4
791,-2,5
792,14,-5
793,-8,4
794,-2,5
795,3,4
796,2,-9
797,-2,5
798,1,-5
799,-3,2
800,-7,5
801,6,-7
802,-3,2
803,2,-2
804,-5,-2
805,3,-3
806,-2,0
807,-2,5
808,0,-7
809,-1,1
810,0,0
811,-5,7
812,-2,5
813,2,-2
814,-7,0
815,-9,5
816,5,-6
817,2,2
818,2,-4
819,3,-3
820,-5,-2
821,0,0
822,2,3
823,-8,6
824,9,-3
825,-3,0
826,-6,8
827,0,0
828,-7,5
829,-2,3
830,-1,-1
831,1,-7
832,-5,-2
833,-1,2
834,-7,5
835,-1,6
836,-3,0
837,-4,2
838,-1,8
839,-5,-2
840,-2,5
841,1,-5
842,2,-2
843,-2,3
844,2,2
845,-5,-2
846,2,-6
847,-2,5
848,0,0
849,-2,1
850,13,-6
851,4,1
852,-1,2
853,-5,-2
854,-2,3
855,2,-4
856,-1,1
857,-1,-1
858,4,0
859,5,-4
860,1,-1
861,2,2
862,-7,1
863,-3,2
864,-8,6
865,-3,1
866,4,0
867,2,-4
868,0,0
869,0,1
870,0,-6
871,7,-9
872,8,-2
873,2,3
874,2,-9
875,0,4
876,4,0
877,-7,1
878,5,-6
879,-3,-3
880,-5,7
881,5,-4
882,-1,-5
883,5,-2
884,2,2
885,1,-1
886,-3,2
887,2,-2
888,-1,-2
889,11,-8
890,5,-7
891,-8,4
892,2,-5
893,-3,1
894,-5,-1
895,-5,7
896,-1,0
897,-1,1
898,-5,-2
899,-4,3
900,0,2
901,1,1
902,4,2
903,-1,-1
904,2,0
905,0,0
906,7,-9
907,0,0
908,9,-6
909,1,-1
910,4,-5
911,-3,-3
912,-1,8
913,-6,0
914,2,-4
915,-2,5
916,6,-6
917,-5,-1
918,-3,4
919,4,-7
920,6,-3
921,-3,-3
922,3,-3
923,3,-5
924,0,-7
925,7,-5
926,-1,1
927,1,-1
928,-6,8
929,-8,6
930,-2,3
931,5,-3
932,-3,4
933,-7,0
934,-4,3
935,-2,5
936,9,-3
937,2,2
938,0,5
939,-8,4
940,-3,4
941,4,-4
942,-7,5
943,2,3
944,-5,-2
945,-1,4
946,-1,-1
947,0,0
948,1,-1
949,6,-7
950,-7,5
951,-1,-1
952,9,-5
953,-7,5
954,9,-7
955,1,-7
956,1,-1
957,1,-7
958,-2,5
959,0,0
960,2,0
961,-7,5
962,-5,7
963,-8,4
964,8,-4
965,-2,1
966,-5,7
967,2,2
968,-7,5
969,-7,5
970,7,-9
971,1,-1
972,8,-4
973,-7,0
974,-7,5
975,11,-8
976,-8,4
977,-2,5
978,-3,6
979,3,-3
980,-7,5
981,1,-5
982,-3,0
983,-3,0
984,-1,6
985,-3,-4
986,0,-2
987,0,0
988,-3,1
989,-2,0
990,-2,5
991,6,-6
992,0,0
993,-1,4
994,7,-5
995,-6,0
996,4,0
997,10,-4
998,7,-9
999,-8,6
1000,0,5
1001,-2,5
1002,-6,0
1003,-1,4
1004,-5,-2
1005,3,0
1006,4,-5
1007,3,-4
1008,9,-3
1009,-7,0
1010,-8,4
1011,7,-9
1012,-2,3
1013,-6,8
1014,3,-5
1015,0,0
1016,2,-2
1017,0,2
1018,-3,0
1019,1,-1
1020,7,-4
1021,-6,8
1022,12,-2
1023,-2,3
1024,1,-7
1025,1,1
1026,-7,5
1027,0,-7
1028,2,-4
1029,11,-8
1030,-1,-1
1031,7,-5
1032,1,2
1033,-4,3
1034,-2,3
1035,3,-3
1036,12,-2
1037,-7,5
1038,-1,-1
1039,-1,-1
1040,6,-7
1041,-2,2
1042,1,1
1043,8,-2
1044,5,-3
1045,-2,2
1046,7,-4
1047,-7,5
1048,-4,2
1049,-7,1
1050,-3,-4
1051,-1,-1
1052,-2,5
1053,2,-2
1054,-7,5
1055,0,0
1056,3,-4
1057,-5,-1
1058,11,-8
1059,-6,6
1060,0,0
1061,3,-3
1062,-1,-5
1063,0,7
1064,0,-2
1065,-1,-2
1066,-2,5
1067,2,-2
1068,-3,2
1069,3,-2
1070,-5,-2
1071,0,-6
1072,2,-6
1073,9,-3
1074,-8,6
1075,2,-2
1076,-2,5
1077,7,-9
1078,-2,0
1079,0,5
1080,-2,3
1081,-8,4
1082,12,-7
1083,12,-3
1084,-7,0
1085,-5,-1
1086,10,-5
1087,-9,5
1088,-2,3
1089,-8,2
1090,-2,1
1091,-3,2
1092,2,2
1093,-1,-1
1094,1,-1
1095,-6,0
1096,4,0
1097,0,2
1098,1,-1
1099,-8,6
1100,-3,-4
1101,-3,6
1102,-2,-4
1103,2,2
1104,-3,1
1105,-1,-1
1106,5,-7
1107,-3,-4
1108,2,1
1109,1,-5
1110,11,-8
1111,-1,-1
1112,-2,5
1113,-4,2
1114,-1,1
1115,0,-7
1116,7,-4
1117,7,-5
1118,-8,6
1119,-1,2
1120,2,2
1121,2,0
1122,7,-9
1123,3,-3
1124,11,-8
1125,2,-2
1126,2,-9
1127,0,0
1128,-6,0
1129,2,0
1130,-5,-2
1131,-1,4
1132,2,2
1133,-3,0
1134,0,0
1135,1,-1
1136,-6,4
1137,-2,3
1138,2,-6
1139,4,2
1140,1,-1
1141,-3,2
1142,0,0
1143,2,0
1144,-3,2
1145,-7,5
1146,-2,5
1147,11,-5
1148,9,-6
1149,4,2
1150,-3,0
1151,0,5
1152,-1,4
1153,12,-2
1154,-1,-5
1155,-1,-1
1156,2,2
1157,6,-7
1158,3,-2
1159,1,0
1160,0,0
1161,-3,2
1162,9,-6
1163,-5,-2
1164,-2,5
1165,6,-3
1166,-1,6
1167,-1,-1
1168,9,-3
1169,-8,4
1170,11,-5
1171,0,-2
1172,0,0
1173,-7,1
1174,1,1
1175,-3,2
1176,0,2
1177,4,-7
1178,4,0
1179,0,-2
1180,4,-5
1181,-3,6
1182,-5,-2
1183,8,-4
1184,-5,-1
1185,10,-5
1186,2,2
1187,-2,5
1188,2,3
1189,0,-7
1190,-7,1
1191,-3,-3
1192,0,0
1193,0,0
1194,-7,1
1195,9,-6
1196,-2,5
1197,2,2
1198,8,-4
1199,-2,3
1200,6,-1
1201,4,0
1202,-5,-2
1203,14,-5
1204,-6,0
1205,11,-8
1206,-2,3
1207,3,-5
1208,-7,5
1209,0,0
1210,-6,8
1211,-5,-2
1212,2,0
1213,1,-5
1214,1,1
1215,1,2
1216,11,-8
1217,-3,6
1218,1,6
1219,2,2
1220,0,-6
1221,8,-4
1222,-1,-5
1223,1,-1
1224,-7,5
1225,-7,5
1226,6,-1
1227,-2,5
1228,-5,-2
1229,11,-8
1230,0,-2
1231,-3,6
1232,-8,6
1233,0,3
1234,6,-7
1235,-8,2
1236,5,-2
1237,-5,-1
1238,-2,3
1239,7,-5
1240,-2,3
1241,4,-1
1242,0,1
1243,-1,0
1244,-2,5
1245,1,1
1246,10,-5
1247,4,0
1248,-6,6
1249,10,0
1250,-2,3
1251,1,-1
1252,0,7
1253,2,2
1254,2,2
1255,1,0
1256,-4,3
1257,-2,5
1258,-5,7
1259,-2,5
1260,-7,5
1261,-1,8
1262,5,-7
1263,-7,5
1264,-2,-4
1265,5,-7
1266,-2,5
1267,-6,8
1268,-1,3
1269,1,-5
1270,4,-5
1271,11,-8
1272,-8,6
1273,2,2
1274,3,-3
1275,-4,3
1276,0,0
1277,3,-3
1278,-5,-1
1279,-3,-4
1280,4,-4
1281,-7,5
1282,5,-3
1283,3,-2
1284,0,-2
1285,1,-5
1286,-2,3
1287,-7,7
1288,2,2
1289,0,-2
1290,-1,-1
1291,-5,-1
1292,11,-3
1293,2,2
1294,2,2
1295,-1,-1
1296,-1,0
1297,0,0
1298,-1,-1
1299,-4,-2
1300,-2,3
1301,1,-1
1302,0,0
1303,9,-3
1304,7,-9
1305,7,-5
1306,-3,2
1307,-7,5
1308,-2,5
1309,9,-7
1310,2,-9
1311,2,-2
1312,-2,3
1313,7,-9
1314,5,-7
1315,-4,2
1316,3,1
1317,6,-3
1318,1,-5
1319,-4,2
1320,-2,1
1321,1,-5
1322,-2,3
1323,4,-4
1324,0,0
1325,0,0
1326,-3,2
1327,2,-2
1328,-6,0
1329,6,-6
1330,-2,5
1331,4,0
1332,6,-7
1333,4,-4
1334,-3,2
1335,-2,2
1336,4,0
1337,0,5
1338,1,4
1339,0,0
1340,-7,5
1341,-7,7
1342,-5,-1
1343,-3,1
1344,-4,-2
1345,11,-3
1346,4,0
1347,2,-2
1348,-2,5
1349,1,-1
1350,-2,5
1351,11,-8
1352,0,0
1353,6,-7
1354,-5,-2
1355,7,-1
1356,0,4
1357,2,0
1358,-1,-1
1359,0,0
1360,-5,-2
1361,10,-5
1362,2,-2
1363,3,-5
1364,1,1
1365,-8,6
1366,10,-4
1367,3,-3
1368,-2,5
1369,1,-1
1370,12,-7
1371,0,7
1372,-2,5
1373,-7,5
1374,-3,2
1375,5,-3
1376,-2,5
1377,0,-2
1378,1,1
1379,4,0
1380,3,-5
1381,-2,3
1382,0,7
1383,-3,2
1384,-2,5
1385,0,3
1386,-1,-1
1387,-8,6
1388,0,-7
1389,-2,5
1390,0,0
1391,12,-7
1392,3,0
1393,4,-1
1394,-3,0
1395,-1,-5
1396,2,2
1397,0,0
1398,-5,-1
1399,-7,5
1400,4,0
1401,1,-1
1402,-2,3
1403,-1,-1
1404,1,-5
1405,0,0
1406,1,4
1407,2,-2
1408,-1,-1
1409,2,2
1410,2,-2
1411,0,0
1412,1,-1
1413,-9,5
1414,8,-4
1415,-1,-5
1416,3,-3
1417,-7,0
1418,0,7
1419,1,1
1420,-2,5
1421,-1,-1
1422,-2,5
1423,-6,8
1424,-3,-4
1425,-2,0
1426,-1,-1
1427,12,-7
1428,2,-2
1429,-8,4
1430,10,-4
1431,1,-1
1432,2,3
1433,4,-5
1434,0,0
1435,8,-4
1436,-1,2
1437,0,0
1438,-2,5
1439,-7,0
1440,-5,-1
1441,1,1
1442,2,-4
1443,8,-4
1444,-5,7
1445,11,-3
1446,2,-9
1447,-2,3
1448,11,-3
1449,-7,5
1450,8,-4
1451,-5,-1
1452,5,-3
1453,4,-5
1454,9,-3
1455,-6,6
1456,-5,7
1457,-2,3
1458,2,-4
1459,0,0
1460,1,-1
1461,-7,0
1462,-5,-1
1463,7,-5
1464,-6,8
1465,-8,4
1466,7,-3
1467,-8,6
1468,0,5
1469,-1,4
1470,-1,-1
1471,3,-3
1472,-5,-1
1473,-4,2
1474,0,0
1475,2,-9
1476,-7,5
1477,-7,5
1478,2,-9
1479,2,-2
1480,2,0
1481,3,4
1482,1,-7
1483,2,-4
1484,-7,1
1485,0,0
1486,2,2
1487,-3,2
1488,4,0
1489,0,3
1490,1,-1
1491,2,2
1492,0,4
1493,3,-3
1494,2,-4
1495,-7,5
1496,-8,6
1497,-1,8
1498,-7,1
1499,6,-6
1500,1,-1
1501,0,-2
1502,-2,5
1503,9,-6
1504,-8,4
1505,-4,3
1506,-1,0
1507,-7,5
1508,5,-6
1509,-8,2
1510,2,-2
1511,-1,-5
1512,-7,5
1513,-2,5
1514,6,-6
1515,4,-4
1516,8,-4
1517,-5,2
1518,2,-4
1519,-7,5
1520,-7,5
1521,-1,1
1522,-7,5
1523,0,7
1524,7,-4
1525,-2,0
1526,-3,1
1527,3,-5
1528,-7,5
1529,-1,2
1530,1,2
1531,9,-7
1532,-7,7
1533,-5,-2
1534,-7,5
1535,-5,7
1536,0,0
1537,7,-5
1538,2,-6
1539,5,-7
1540,1,-5
1541,-7,5
1542,0,1
1543,-3,2
1544,-7,5
1545,-1,-1
1546,-8,2
1547,2,-2
1548,5,-7
1549,3,0
1550,2,-6
1551,7,-4
1552,-5,-2
1553,7,-5
1554,-2,3
1555,2,-2
1556,0,-7
1557,-2,5
1558,0,0
1559,-5,-2
1560,-1,-5
1561,2,-2
1562,-2,3
1563,-2,3
1564,3,-5
1565,2,2
1566,-2,3
1567,1,-5
1568,3,-3
1569,4,-1
1570,-7,5
1571,-5,-1
1572,-3,2
1573,4,-2
1574,-2,5
1575,-2,3
1576,7,-9
1577,5,-7
1578,2,2
1579,-7,5
1580,3,-3
1581,-1,6
1582,0,0
1583,-1,-1
1584,-7,5
1585,-9,5
1586,-7,0
1587,2,-4
1588,-7,1
1589,-3,6
1590,4,-1
1591,-5,-1
1592,3,0
1593,-2,3
1594,1,1
1595,2,-4
1596,2,2
1597,-5,-1
1598,1,-1
1599,-1,-1
1600,-3,-4
1601,-6,8
1602,-3,-4
1603,9,-1
1604,-1,-1
1605,0,4
1606,-2,5
1607,-2,5
1608,-7,5
1609,2,2
1610,7,-9
1611,3,-3
1612,4,0
1613,-2,5
1614,-5,7
1615,7,-9
1616,-3,2
1617,-7,5
1618,0,0
1619,-4,3
1620,-3,0
1621,0,0
1622,2,2
1623,6,-6
1624,-4,2
1625,0,0
1626,4,-1
1627,0,7
1628,1,-7
1629,2,2
1630,1,2
1631,-6,6
1632,12,-7
1633,2,2
1634,9,-3
1635,-2,-4
1636,-2,5
1637,2,2
1638,-5,-2
1639,-5,-2
1640,3,-3
1641,-2,0
1642,9,-7
1643,7,-9
1644,0,0
1645,-8,2
1646,-8,4
1647,-1,-1
1648,3,-4
1649,-7,5
1650,9,-3
1651,-7,5
1652,-2,2
1653,-8,4
1654,4,-7
1655,0,7
1656,-6,8
1657,0,0
1658,12,-7
1659,-8,6
1660,-5,-2
1661,-4,-2
1662,1,-7
1663,-1,8
1664,1,-5
1665,2,2
1666,7,-9
1667,-2,3
1668,3,4
1669,3,-2
1670,-4,2
1671,-2,5
1672,2,-1
1673,2,-2
1674,-5,-1
1675,-7,0
1676,-3,1
1677,5,-3
1678,6,-3
1679,5,-4
1680,10,-4
1681,0,0
1682,9,-6
1683,1,-7
1684,0,-7
1685,0,0
1686,5,-6
1687,4,0
1688,1,3
1689,-1,6
1690,-3,6
1691,2,-9
1692,-5,-2
1693,3,-3
1694,9,-6
1695,9,-3
1696,3,4
1697,-3,-4
1698,0,-2
1699,5,-7
1700,1,0
1701,-3,2
1702,-3,2
1703,-6,6
1704,-7,1
1705,4,-1
1706,7,-9
1707,-7,5
1708,-7,7
1709,0,3
1710,12,-7
1711,-5,-2
1712,2,-6
1713,-1,-2
1714,-1,1
1715,0,2
1716,-5,-2
1717,5,-7
1718,-4,2
1719,-3,-4
1720,4,-3
1721,-4,3
1722,-1,-5
1723,-2,5
1724,-3,2
1725,11,-8
1726,9,-7
1727,-4,2
1728,-1,4
1729,2,-2
1730,-2,3
1731,-7,5
1732,2,-9
1733,-3,6
1734,8,-4
1735,-3,2
1736,-8,4
1737,2,-5
1738,5,-6
1739,2,0
1740,1,1
1741,-7,7
1742,-7,5
1743,-8,4
1744,7,-1
1745,-8,6
1746,2,-2
1747,3,-5
1748,9,-7
1749,-2,5
1750,-7,1
1751,6,-2
1752,11,-8
1753,6,-6
1754,-4,-2
1755,-7,0
1756,0,7
1757,2,4
1758,1,-1
1759,3,-2
1760,4,0
1761,-6,6
1762,-1,8
1763,-2,5
1764,-3,6
1765,3,-3
1766,-8,4
1767,1,0
1768,-7,5
1769,10,-5
1770,0,5
1771,-1,8
1772,0,0
1773,2,-2
1774,-1,8
1775,-3,2
1776,0,4
1777,3,-5
1778,-3,-3
1779,1,-5
1780,-3,-4
1781,-1,6
1782,7,-9
1783,-3,1
1784,11,-4
1785,-2,5
1786,-2,5
1787,-3,2
1788,-2,5
1789,-1,1
1790,9,-6
1791,12,-7
1792,1,-5
1793,1,-1
1794,-7,5
1795,-8,6
1796,-8,6
1797,-2,3
1798,3,-3
1799,-1,2
1800,-5,7
1801,-6,8
1802,-1,1
1803,-5,2
1804,-7,5
1805,1,-5
1806,-7,5
1807,-2,5
1808,-6,0
1809,1,-7
1810,-6,4
1811,3,-3
1812,-3,4
1813,-7,5
1814,5,-2
1815,-3,-4
1816,-2,5
1817,-7,5
1818,-8,4
1819,1,0
1820,2,2
1821,-1,8
1822,-2,2
1823,4,-4
1824,1,-7
1825,-7,5
1826,1,6
1827,-3,2
1828,-6,8
1829,-5,-1
1830,3,-3
1831,-3,6
1832,5,-7
1833,6,-7
1834,-8,4
1835,12,-7
1836,4,0
1837,2,-2
1838,-7,5
1839,8,-2
1840,0,2
1841,-7,5
1842,-6,0
1843,-3,2
1844,-4,2
1845,-1,2
1846,-3,-4
1847,10,-5
1848,2,-2
1849,-8,2
1850,-8,6
1851,4,-4
1852,-2,5
1853,-7,1
1854,5,-7
1855,2,-9
1856,10,-5
1857,-2,5
1858,-2,3
1859,4,0
1860,2,-9
1861,1,-1
1862,0,0
1863,-2,3
1864,-4,-2
1865,-2,-4
1866,10,-5
1867,2,-9
1868,1,-1
1869,-8,4
1870,7,-5
1871,5,-2
1872,0,0
1873,-3,-4
1874,2,2
1875,2,-4
1876,-7,5
1877,6,-3
1878,7,-5
1879,5,-4
1880,12,-3
1881,12,-7
1882,-7,5
1883,-1,1
1884,0,5
1885,-3,0
1886,11,-8
1887,10,-4
1888,-3,6
1889,5,-2
1890,1,-7
1891,-5,7
1892,0,0
1893,-2,1
1894,-2,5
1895,0,0
1896,0,0
1897,-2,2
1898,-9,5
1899,4,0
1900,2,3
1901,-1,-1
1902,3,-5
1903,-7,5
1904,0,0
1905,1,-5
1906,-6,0
1907,-2,5
1908,2,2
1909,-7,5
1910,-5,7
1911,9,-7
1912,5,-4
1913,1,6
1914,6,-7
1915,4,-2
1916,-5,-2
1917,7,-5
1918,-2,5
1919,-1,-1
1920,9,-7
1921,3,-2
1922,5,-7
1923,4,-7
1924,0,-2
1925,2,-9
1926,2,-4
1927,4,-2
1928,6,-2
1929,1,-5
1930,0,0
1931,-3,2
1932,2,-4
1933,-3,6
1934,4,-3
1935,2,-2
1936,0,0
1937,0,-2
1938,-7,5
1939,-1,2
1940,2,-4
1941,-5,2
1942,-7,0
1943,-6,6
1944,-3,4
1945,-8,4
1946,4,-5
1947,2,-4
1948,-2,5
1949,-3,2
1950,-7,5
1951,-3,2
1952,-7,5
1953,-2,2
1954,-2,-4
1955,3,-3
1956,2,-4
1957,-5,2
1958,0,1
1959,-3,-3
1960,2,-4
1961,-2,3
1962,2,-2
1963,-3,2
1964,4,0
1965,-7,5
1966,-5,7
1967,-3,-4
1968,-1,-1
1969,-5,-2
1970,-7,7
1971,2,2
1972,-7,5
1973,-1,1
1974,12,-7
1975,-2,5
1976,-6,8
1977,2,2
1978,-2,5
1979,-1,8
1980,0,1
1981,-3,2
1982,1,2
1983,1,1
1984,-1,3
1985,2,2
1986,-7,5
1987,-7,1
1988,3,-5
1989,4,-2
1990,-5,-1
1991,5,-7
1992,-5,-2
1993,5,-2
1994,-2,5
1995,8,-2
1996,4,1
1997,-1,-1
1998,-3,4
1999,0,-6
2000,3,-5
2001,5,-6
2002,-1,0
2003,0,-7
2004,11,-3
2005,-5,2
2006,-1,-5
2007,4,-4
2008,-1,2
2009,0,3
2010,0,0
2011,-1,6
2012,-1,-1
2013,0,1
2014,7,0
2015,0,7
2016,-7,1
2017,-2,5
2018,3,-3
2019,-7,5
2020,-7,5
2021,-2,5
2022,2,-2
2023,-6,4
2024,0,-6
2025,-2,5
2026,-3,-4
2027,-6,8
2028,-7,5
2029,9,-3
2030,1,-1
2031,2,-6
2032,-5,7
2033,-5,7
2034,-1,-5
2035,1,1
2036,1,-1
2037,6,-1
2038,0,3
2039,0,-7
2040,6,-3
2041,-4,2
2042,-2,5
2043,-7,1
2044,7,-9
2045,1,-1
2046,-5,-2
2047,2,-4
2048,3,-3
2049,-5,-1
2050,-2,5
2051,11,-8
2052,2,-2
2053,-5,-1
2054,2,-4
2055,0,0
2056,-1,-1
2057,0,0
2058,-7,5
2059,-5,-2
2060,-2,5
2061,1,-1
2062,0,0
2063,5,-3
2064,2,0
2065,-1,-1
2066,-3,-4
2067,-3,2
2068,-2,1
2069,2,-2
2070,2,-2
2071,2,-2
2072,0,0
2073,-2,5
2074,-1,-1
2075,-8,2
2076,-7,5
2077,3,4
2078,0,1
2079,12,-7
2080,-7,5
2081,9,-5
2082,3,4
2083,-2,5
2084,2,4
2085,3,-3
2086,4,-1
2087,-2,5
2088,2,-9
2089,5,-6
2090,-6,6
2091,-5,-2
2092,0,0
2093,-3,2
2094,-2,5
2095,2,2
2096,4,-7
2097,-8,6
2098,0,0
2099,0,0
2100,7,-1
2101,-7,5
2102,2,2
2103,-8,4
2104,4,-1
2105,0,0
2106,-1,6
2107,-1,-1
2108,-1,8
2109,-1,8
2110,-7,5
2111,2,-2
2112,-5,7
2113,1,-1
2114,3,0
2115,5,-7
2116,0,1
2117,-2,0
2118,-3,2
2119,9,-5
2120,-5,2
2121,-5,7
2122,0,1
2123,2,-2
2124,4,1
2125,-2,3
2126,4,-1
2127,-1,0
2128,1,-5
2129,-2,5
2130,2,4
2131,3,-3
2132,-7,1
2133,8,-4
2134,7,-9
2135,2,-2
2136,-6,0
2137,-1,0
2138,-1,-1
2139,-6,8
2140,2,0
2141,0,0
2142,-1,2
2143,-3,0
2144,2,-9
2145,2,2
2146,6,-6
2147,-5,7
2148,1,1
2149,-8,6
2150,2,2
2151,-3,4
2152,-2,5
2153,1,-1
2154,-2,5
2155,-1,-2
2156,1,-5
2157,0,0
2158,10,0
2159,-1,3
2160,0,0
2161,5,-2
2162,-7,5
2163,1,0
2164,-1,-1
2165,1,-1
2166,2,-2
2167,9,-6
2168,0,0
2169,0,2
2170,-7,5
2171,2,0
2172,1,-5
2173,1,-1
2174,-6,6
2175,2,2
2176,-3,2
2177,1,1
2178,0,-6
2179,-3,2
2180,5,-7
2181,-2,5
2182,-6,8
2183,0,-6
2184,1,-1
2185,1,6
2186,-3,2
2187,12,-7
2188,0,-6
2189,-2,5
2190,-2,2
2191,12,-2
2192,-3,-3
2193,-6,4
2194,7,-3
2195,-2,0
2196,-1,-1
2197,10,-4
2198,6,-6
2199,-5,2
2200,-1,1
2201,-2,5
2202,0,0
2203,-2,3
2204,2,2
2205,2,-2
2206,-7,5
2207,0,0
2208,0,0
2209,1,3
2210,-1,-1
2211,-2,5
2212,1,-1
2213,-7,1
2214,1,1
2215,-1,-5
2216,5,2
2217,0,5
2218,3,-2
2219,2,-6
2220,4,0
2221,3,4
2222,-9,5
2223,-8,4
2224,-3,-4
2225,6,-7
2226,-7,5
2227,6,-3
2228,12,-2
2229,0,5
2230,1,-5
2231,7,-9
2232,-3,-4
2233,7,-1
2234,0,0
2235,-5,-1
2236,4,-2
2237,2,-4
2238,10,-6
2239,1,-1
2240,1,-5
2241,-5,7
2242,2,-4
2243,1,-5
2244,10,-6
2245,1,-1
2246,2,-2
2247,1,-1
2248,-5,7
2249,-5,7
2250,-3,0
2251,1,-1
2252,4,-4
2253,-8,6
2254,-5,7
2255,1,-5
2256,1,-5
2257,-1,-5
2258,2,0
2259,9,-3
2260,10,-5
2261,11,-8
2262,4,0
2263,0,0
2264,2,-1
2265,-2,5
2266,0,-2
2267,0,1
2268,0,7
2269,6,-7
2270,2,-2
2271,3,-2
2272,2,-6
2273,-2,5
2274,-8,4
2275,1,-5
2276,-6,4
2277,-6,8
2278,-5,7
2279,-8,4
2280,9,-7
2281,1,-5
2282,2,-2
2283,1,1
2284,7,-9
2285,0,3
2286,-1,4
2287,6,-1
2288,8,-2
2289,-2,5
2290,-1,-5
2291,0,5
2292,7,-5
2293,-2,5
2294,-2,5
2295,-7,5
2296,12,-7
2297,-7,5
2298,-3,0
2299,2,-5
2300,0,0
2301,-1,-1
2302,1,-5
2303,0,5
2304,-5,-1
2305,-8,4
2306,9,-3
2307,1,4
2308,10,-5
2309,2,-6
2310,-3,2
2311,4,0
2312,-3,2
2313,10,-5
2314,1,-1
2315,-6,8
2316,-4,2
2317,4,-5
2318,-1,-1
2319,-4,3
2320,-5,-1
2321,10,-4
2322,2,-2
2323,0,0
2324,0,0
2325,1,-5
2326,-6,0
2327,-7,5
2328,-2,0
2329,-1,4
2330,8,-4
2331,-7,5
2332,-3,2
2333,10,-5
2334,2,-2
2335,7,-4
2336,-9,5
2337,-7,5
2338,3,-5
2339,4,-4
2340,-3,1
2341,5,-4
2342,0,0
2343,4,0
2344,2,2
2345,4,-1
2346,2,-2
2347,0,0
2348,2,2
2349,-3,2
2350,0,7
2351,2,2
2352,1,-5
2353,-3,4
2354,4,-2
2355,-1,-1
2356,0,0
2357,-4,2
2358,0,5
2359,-8,4
2360,0,-2
2361,-3,-4
2362,7,-9
2363,4,-7
2364,0,-7
2365,6,-2
2366,1,0
2367,4,-1
2368,-3,6
2369,-1,1
2370,-4,3
2371,0,0
2372,1,-7
2373,11,-4
2374,-1,-2
2375,10,-5
2376,-2,5
2377,2,-6
2378,-9,5
2379,-5,7
2380,0,-2
2381,2,2
2382,-2,5
2383,4,-4
2384,2,3
2385,-1,1
2386,0,0
2387,-2,5
2388,4,-1
2389,-1,-1
2390,9,-1
2391,2,-4
2392,5,-4
2393,4,0
2394,-3,-4
2395,-3,2
2396,-1,-1
2397,-2,5
2398,0,3
2399,10,-5
2400,4,-1
2401,-7,5
2402,3,-5
2403,-3,-3
2404,2,-9
2405,3,1
2406,3,-5
2407,0,0
2408,2,2
2409,-1,-1
2410,4,0
2411,-7,5
2412,5,-6
2413,1,6
2414,6,-3
2415,0,0
2416,3,-3
2417,-2,5
2418,1,-1
2419,0,-6
2420,4,-2
2421,0,0
2422,2,2
2423,7,-5
2424,-1,2
2425,1,-7
2426,-5,-1
2427,-3,0
2428,1,3
2429,0,3
2430,-6,4
2431,-2,3
2432,-3,-4
2433,0,0
2434,4,1
2435,-1,-1
2436,9,-1
2437,-1,-5
2438,0,-7
2439,0,0
2440,-8,6
2441,-7,5
2442,9,-1
2443,4,2
2444,-5,-2
2445,-7,0
2446,-4,2
2447,7,-1
2448,0,3
2449,0,7
2450,3,-5
2451,4,-4
2452,-7,0
2453,-7,0
2454,-2,3
2455,2,-2
2456,0,-2
2457,-4,-2
2458,2,2
2459,5,-3
2460,6,-6
2461,1,-5
2462,-5,-2
2463,6,-3
2464,-3,6
2465,7,-9
2466,-7,5
2467,2,-2
2468,-3,6
2469,1,0
2470,-2,3
2471,3,-5
2472,-8,4
2473,-6,4
2474,7,-5
2475,0,0
2476,11,-5
2477,-5,-2
2478,2,-4
2479,5,-7
2480,2,1
2481,3,4
2482,5,-7
2483,-2,5
2484,4,-7
2485,-3,6
2486,1,-7
2487,-3,1
2488,-8,4
2489,-5,-1
2490,5,-4
2491,0,0
2492,0,-2
2493,-2,5
2494,2,2
2495,-2,5
2496,1,4
2497,1,-1
2498,9,-6
2499,-2,5
2500,2,2
2501,-2,5
2502,2,-6
2503,1,1
2504,8,-4
2505,-3,2
2506,0,-2
2507,-7,5
2508,-2,5
2509,0,1
2510,0,3
2511,0,0
2512,7,-1
2513,2,-2
2514,-1,-1
2515,0,-2
2516,-3,0
2517,-3,2
2518,7,-9
2519,1,4
2520,4,0
2521,1,1
2522,2,-4
2523,1,-1
2524,-2,3
2525,0,0
2526,9,-6
2527,-2,5
2528,-2,5
2529,3,1
2530,4,-2
2531,-8,4
2532,4,-4
2533,-4,-2
2534,0,1
2535,11,-5
2536,11,-5
2537,-2,5
2538,-6,8
2539,3,-3
2540,-3,2
2541,-1,-5
2542,-2,5
2543,7,-9
2544,2,-4
2545,9,-7
2546,-1,-1
2547,-2,3
2548,2,2
2549,-5,-2
2550,-1,-1
2551,-2,5
2552,5,-6
2553,2,-9
2554,-4,3
2555,-1,0
2556,1,-5
2557,-2,5
2558,2,-2
2559,-7,5
2560,1,-1
2561,-2,1
2562,-2,5
2563,-3,2
2564,2,-2
2565,-3,2
2566,3,-5
2567,-2,3
2568,8,-2
2569,-2,1
2570,-8,6
2571,4,-2
2572,2,2
2573,6,-7
2574,-6,8
2575,4,-7
2576,-1,4
2577,-7,5
2578,-2,5
2579,-7,5
2580,-8,4
2581,5,-2
2582,2,-6
2583,-2,5
2584,-5,-1
2585,6,-7
2586,-6,8
2587,-7,5
2588,4,-5
2589,0,-2
2590,-8,6
2591,4,-2
2592,-2,0
2593,-2,3
2594,5,-7
2595,-2,0
2596,5,-4
2597,2,0
2598,4,-5
2599,-3,2
2600,7,-4
2601,-6,4
2602,-1,1
2603,-2,5
2604,-3,2
2605,0,0
2606,-7,5
2607,-1,1
2608,0,1
2609,2,-2
2610,0,0
2611,5,-2
2612,4,-5
2613,1,-5
2614,5,-2
2615,-8,6
2616,2,-4
2617,7,-4
2618,-3,-3
2619,-3,1
2620,4,0
2621,0,0
2622,5,-7
2623,2,-6
2624,0,2
2625,0,-2
2626,5,-7
2627,2,-2
2628,2,-4
2629,6,-6
2630,-2,5
2631,2,-2
2632,2,-4
2633,-3,-3
2634,0,0
2635,2,-4
2636,-1,1
2637,2,2
2638,-6,8
2639,0,0
2640,-7,0
2641,-3,6
2642,6,-3
2643,-3,0
2644,-7,5
2645,-7,5
2646,-7,5
2647,-7,5
2648,3,-3
2649,-8,4
2650,0,0
2651,-3,2
2652,2,2
2653,1,-1
2654,-1,1
2655,-8,6
2656,-8,4
2657,1,-5
2658,1,-1
2659,-6,8
2660,4,-4
2661,0,5
2662,-1,6
2663,2,-2
2664,0,0
2665,3,-2
2666,-3,6
2667,-2,-4
2668,-8,4
2669,-3,2
2670,0,-6
2671,1,-7
2672,-3,-4
2673,-3,-4
2674,2,2
2675,6,-3
2676,7,-9
2677,2,-4
2678,-7,0
2679,9,-7
2680,0,3
2681,0,0
2682,0,0
2683,3,-3
2684,1,-7
2685,-2,3
2686,0,-6
2687,-3,2
2688,-9,5
2689,-9,5
2690,-1,6
2691,-7,5
2692,4,0
2693,-2,3
2694,1,-1
2695,-5,7
2696,-5,-2
2697,2,-6
2698,3,-5
2699,3,-3
2700,10,-6
2701,5,-7
2702,-7,5
2703,2,2
2704,2,-2
2705,2,1
2706,0,0
2707,0,0
2708,1,-1
2709,1,-1
2710,-2,5
2711,-7,5
2712,-8,6
2713,-7,5
2714,2,-2
2715,1,-7
2716,0,0
2717,4,-1
2718,-4,2
2719,-7,0
2720,5,-2
2721,0,-2
2722,-5,7
2723,-1,6
2724,-4,-2
2725,-8,4
2726,3,-5
2727,-1,-1
2728,-9,5
2729,-2,1
2730,0,-7
2731,1,-7
2732,9,-7
2733,-3,-3
2734,3,-3
2735,-2,5
2736,0,0
2737,2,-4
2738,-1,-2
2739,5,-2
2740,3,-3
2741,-6,8
2742,4,-4
2743,4,-1
2744,6,-6
2745,-3,6
2746,3,-2
2747,-7,5
2748,-4,3
2749,4,-1
2750,7,-9
2751,-7,5
2752,-4,2
2753,-8,4
2754,1,-1
2755,-7,5
2756,-8,4
2757,1,0
2758,-2,3
2759,4,0
2760,0,-2
2761,-1,-1
2762,5,-7
2763,1,1
2764,1,0
2765,2,-2
2766,7,0
2767,11,-8
2768,-2,5
2769,-6,4
2770,0,-6
2771,1,-1
2772,5,-6
2773,-1,4
2774,-8,6
2775,-7,0
2776,1,-5
2777,0,7
2778,1,4
2779,4,-2
2780,2,0
2781,-2,5
2782,0,0
2783,-1,6
2784,2,-4
2785,1,-1
2786,1,-1
2787,-1,-1
2788,2,-4
2789,-4,2
2790,4,-4
2791,-5,-1
2792,0,-7
2793,-6,0
2794,2,2
2795,4,-1
2796,-7,5
2797,9,-5
2798,2,1
2799,1,-1
2800,-9,5
2801,-5,7
2802,1,-1
2803,-7,0
2804,2,-2
2805,-1,6
2806,-8,6
2807,8,-4
2808,-6,0
2809,-3,2
2810,4,-7
2811,0,-6
2812,6,-7
2813,3,-3
2814,0,0
2815,-7,0
2816,-3,1
2817,-1,-5
2818,-7,1
2819,2,-2
2820,5,-7
2821,-2,5
2822,-3,0
2823,-6,0
2824,-7,5
2825,3,-5
2826,-7,0
2827,-7,7
2828,5,-7
2829,-7,5
2830,2,2
2831,2,-2
2832,12,-7
2833,-5,-1
2834,-2,5
2835,-2,0
2836,-4,2
2837,0,-7
2838,-2,3
2839,-3,2
2840,3,-3
2841,-8,4
2842,4,-2
2843,2,-4
2844,3,-2
2845,-5,-2
2846,0,0
2847,-6,0
2848,0,0
2849,2,-4
2850,-7,1
2851,0,0
2852,7,-9
2853,4,-2
2854,-1,3
2855,-3,6
2856,12,-7
2857,5,-4
2858,4,-5
2859,-5,-2
2860,6,-7
2861,10,-4
2862,-2,3
2863,1,-1
2864,7,-9
2865,5,-6
2866,12,-3
2867,-8,2
2868,1,1
2869,2,-2
2870,-1,-1
2871,-3,-3
2872,9,-6
2873,2,0
2874,12,-7
2875,7,-1
2876,0,5
2877,1,0
2878,-8,4
2879,-8,4
2880,1,-1
2881,0,-2
2882,3,-2
2883,-8,6
2884,-3,4
2885,-3,-3
2886,2,4
2887,-3,6
2888,4,1
2889,-1,8
2890,5,-4
2891,-8,6
2892,-5,-1
2893,-3,-4
2894,-5,-2
2895,4,-7
2896,0,1
2897,6,-6
2898,1,-5
2899,5,-3
2900,2,-6
2901,-3,1
2902,2,-5
2903,-1,-1
2904,0,0
2905,-2,5
2906,1,-5
2907,8,-4
2908,-1,-1
2909,2,2
2910,14,-5
2911,-1,1
2912,2,-2
2913,2,2
2914,-6,6
2915,-2,3
2916,-3,2
2917,2,-4
2918,3,-3
2919,-7,5
2920,-7,5
2921,-6,8
2922,10,-5
2923,4,-2
2924,0,0
2925,6,-3
2926,9,-6
2927,-3,2
2928,-7,5
2929,0,0
2930,-3,1
2931,1,-5
2932,-1,-1
2933,-7,5
2934,2,-2
2935,-5,-2
2936,-2,5
2937,8,-4
2938,5,2
2939,11,-5
2940,-5,-1
2941,9,-7
2942,3,0
2943,-7,0
2944,-2,3
2945,-2,3
2946,2,-9
2947,0,3
2948,2,-6
2949,4,-4
2950,2,-2
2951,-1,-5
2952,-5,-2
2953,-1,-1
2954,10,-5
2955,-2,3
2956,1,-7
2957,6,-6
2958,2,2
2959,6,-1
2960,-5,7
2961,-8,4
2962,-3,4
2963,1,-1
2964,0,0
2965,-4,2
2966,-9,5
2967,2,-2
2968,3,-4
2969,2,0
2970,-3,-3
2971,-1,4
2972,5,-6
2973,-7,5
2974,1,-7
2975,-6,0
2976,1,0
2977,2,0
2978,-7,5
2979,-2,5
2980,6,-7
2981,-1,8
2982,-8,4
2983,-7,1
2984,12,-2
2985,2,-4
2986,4,0
2987,5,-7
2988,-1,-2
2989,4,1
2990,1,6
2991,-6,8
2992,-5,-2
2993,2,-2
2994,0,3
2995,-8,4
2996,10,-6
2997,-2,5
2998,0,1
2999,-1,6
3000,3,-3
3001,-7,5
3002,9,-7
3003,1,-1
3004,-8,4
3005,-4,2
3006,-3,-4
3007,-2,5
3008,-4,2
3009,-5,-2
3010,-2,5
3011,0,1
3012,2,2
3013,0,0
3014,-8,2
3015,0,0
3016,-3,2
3017,-2,3
3018,-5,-1
3019,0,0
3020,2,-4
3021,5,-2
3022,-1,-1
3023,11,-5
3024,9,-6
3025,0,0
3026,-8,4
3027,-3,-4
3028,-5,7
3029,-1,-2
3030,0,4
3031,-4,2
3032,9,-6
3033,-5,-2
3034,-2,5
3035,0,2
3036,1,-1
3037,-6,8
3038,-5,-2
3039,0,0
3040,-7,5
3041,-1,6
3042,14,-5
3043,6,-6
3044,-3,1
3045,-1,-5
3046,2,-9
3047,12,-7
3048,-2,5
3049,-5,-2
3050,-6,6
3051,2,-4
3052,-1,0
3053,-5,-1
3054,-9,5
3055,4,-2
3056,-7,0
3057,-2,5
3058,-2,5
3059,0,-7
3060,-5,7
3061,4,-7
3062,7,-1
3063,10,-6
3064,1,-1
3065,-7,7
3066,9,-3
3067,2,-4
3068,3,-2
3069,-6,8
3070,-6,0
3071,1,-7
3072,2,2
3073,0,7
3074,-1,6
3075,2,-2
3076,-3,-3
3077,0,2
3078,3,-3
3079,4,0
3080,0,0
3081,2,-2
3082,-3,2
3083,-2,5
3084,-2,3
3085,-2,3
3086,4,-1
3087,-1,-1
3088,-2,5
3089,4,0
3090,-2,3
3091,-3,-4
3092,0,0
3093,-2,5
3094,-3,6
3095,-5,-2
3096,-7,1
3097,-2,5
3098,-8,6
3099,2,-9
3100,0,-6
3101,2,-6
3102,-8,4
3103,-2,5
3104,4,0
3105,-3,2
3106,-6,4
3107,-1,4
3108,0,7
3109,3,-5
3110,0,0
3111,-7,5
3112,5,-7
3113,-1,-5
3114,-2,3
3115,0,0
3116,5,2
3117,-7,5
3118,-7,0
3119,2,-2
3120,12,-7
3121,0,0
3122,2,2
3123,-6,0
3124,-8,6
3125,-3,4
3126,0,-7
3127,-2,5
3128,3,-3
3129,-3,2
3130,-3,0
3131,-2,5
3132,7,-9
3133,-6,8
3134,0,0
3135,-7,5
3136,-1,1
3137,-3,-4
3138,-5,-1
3139,-7,5
3140,3,-3
3141,-5,-2
3142,-2,-4
3143,0,-7
3144,1,1
3145,-5,-2
3146,-7,0
3147,-5,7
3148,-5,-1
3149,7,-5
3150,-7,5
3151,0,-2
3152,0,2
3153,-3,2
3154,1,-1
3155,0,5
3156,-2,5
3157,-5,-2
3158,-3,-3
3159,-7,7
3160,4,0
3161,-6,8
3162,-2,5
3163,2,2
3164,1,-7
3165,-5,7
3166,0,0
3167,6,-7
3168,-1,-5
3169,1,0
3170,2,2
3171,1,1
3172,-5,-2
3173,-6,6
3174,-2,3
3175,3,1
3176,-3,4
3177,7,-5
3178,-3,2
3179,-2,5
3180,-1,-5
3181,9,-6
3182,-7,5
3183,-5,-2
3184,12,-7
3185,1,-7
3186,-7,5
3187,12,-7
3188,4,0
3189,-5,-1
3190,-7,0
3191,-3,6
3192,-7,5
3193,4,-3
3194,5,2
3195,0,0
3196,2,-4
3197,7,0
3198,0,-7
3199,0,3
3200,3,-3
3201,-5,2
3202,-2,5
3203,8,-2
3204,2,-9
3205,1,4
3206,-5,-1
3207,4,-4
3208,-1,-1
3209,1,4
3210,-6,0
3211,10,-5
3212,2,-2
3213,0,3
3214,-3,2
3215,0,-7
3216,-2,3
3217,0,-2
3218,-2,3
3219,-3,6
3220,-3,1
3221,-3,2
3222,0,4
3223,-5,-1
3224,-6,4
3225,6,-3
3226,3,-5
3227,12,-7
3228,-1,-2
3229,1,-7
3230,2,2
3231,-2,5
3232,3,-3
3233,1,-1
3234,6,-7
3235,5,-3
3236,-1,8
3237,-1,-5
3238,4,-7
3239,2,2
3240,0,7
3241,-3,2
3242,2,-2
3243,2,-6
3244,0,3
3245,-7,5
3246,6,-3
3247,7,-5
3248,-6,8
3249,-1,-1
3250,3,-3
3251,0,-2
3252,11,-3
3253,0,0
3254,-7,5
3255,-1,8
3256,-5,2
3257,0,-2
3258,-7,5
3259,-2,5
3260,2,-4
3261,-3,2
3262,0,-2
3263,-4,3
3264,1,-1
3265,1,-1
3266,-7,5
3267,7,-5
3268,-7,5
3269,-7,1
3270,1,-7
3271,-7,0
3272,-6,8
3273,4,0
3274,2,-2
3275,-4,3
3276,-7,7
3277,-6,6
3278,12,-3
3279,3,-2
3280,-1,-1
3281,0,0
3282,-8,4
3283,7,-9
3284,2,-2
3285,0,0
3286,-3,4
3287,-2,3
3288,2,-2
3289,2,-4
3290,9,-6
3291,0,1
3292,-7,5
3293,2,-4
3294,-5,-2
3295,-7,5
3296,-3,6
3297,5,-7
3298,1,-1
3299,1,1
3300,-6,8
3301,-1,-1
3302,2,4
3303,0,0
3304,-7,0
3305,-8,2
3306,2,2
3307,11,-5
3308,7,-5
3309,-5,7
3310,-2,5
3311,-8,4
3312,7,-9
3313,-1,-1
3314,-2,5
3315,10,-6
3316,4,0
3317,13,-6
3318,0,-6
3319,1,-1
3320,5,-6
3321,2,-6
3322,6,-7
3323,1,1
3324,0,-6
3325,2,-4
3326,1,-7
3327,-4,2
3328,2,-2
3329,1,-1
3330,-3,6
3331,0,0
3332,-2,5
3333,2,-2
3334,0,-7
3335,-8,4
3336,-7,7
3337,7,-9
3338,6,-3
3339,-6,8
3340,-3,2
3341,8,-4
3342,-7,0
3343,0,-7
3344,-6,8
3345,-7,0
3346,-3,2
3347,1,-7
3348,0,-2
3349,-1,-5
3350,7,-5
3351,-2,5
3352,0,0
3353,4,-4
3354,-6,8
3355,9,-7
3356,-1,2
3357,-8,2
3358,-7,5
3359,-1,6
3360,4,-1
3361,0,3
3362,0,-2
3363,-7,5
3364,-5,-2
3365,2,-2
3366,-1,3
3367,-8,2
3368,-2,5
3369,-7,5
3370,-2,5
3371,0,-7
3372,4,0
3373,-2,5
3374,-1,2
3375,0,0
3376,-2,5
3377,-2,5
3378,-5,7
3379,0,0
3380,-3,-4
3381,-1,0
3382,5,-4
3383,1,-5
3384,2,2
3385,7,-9
3386,2,-2
3387,-6,0
3388,6,-6
3389,3,-5
3390,-8,4
3391,-7,5
3392,-5,-2
3393,3,-3
3394,5,-7
3395,-2,5
3396,-7,5
3397,0,-6
3398,0,7
3399,0,1
3400,2,-9
3401,1,-5
3402,0,0
3403,-7,5
3404,2,-2
3405,-1,-1
3406,-7,5
3407,2,2
3408,7,-5
3409,-3,0
3410,4,-5
3411,3,-4
3412,-5,-1
3413,-7,5
3414,9,-7
3415,-8,6
3416,-3,-4
3417,11,-5
3418,2,-2
3419,4,-5
3420,-3,-3
3421,-1,8
3422,1,0
3423,8,-2
3424,0,3
3425,-5,7
3426,3,-5
3427,2,-6
3428,-3,2
3429,1,1
3430,11,-8
3431,5,-2
3432,-3,2
3433,4,-5
3434,-8,6
3435,-3,6
3436,-2,0
3437,2,-4
3438,-3,2
3439,-7,5
3440,-2,5
3441,-7,5
3442,-1,-1
3443,-3,0
3444,-2,5
3445,0,-7
3446,4,-7
3447,3,-3
3448,0,0
3449,2,-2
3450,4,-3
3451,0,0
3452,2,-4
3453,1,-1
3454,-5,-2
3455,2,-2
3456,-7,0
3457,2,2
3458,-1,-1
3459,11,-5
3460,0,5
3461,0,-6
3462,0,1
3463,2,-4
3464,-5,-2
3465,0,0
3466,-2,3
3467,-1,0
3468,12,-7
3469,-3,2
3470,3,-3
3471,3,-3
3472,-2,5
3473,-6,8
3474,-1,8
3475,2,-9
3476,-1,2
3477,5,-3
3478,-4,2
3479,-7,0
3480,-5,-1
3481,5,-7
3482,-3,2
3483,3,-3
3484,-3,2
3485,-1,-2
3486,0,-6
3487,7,-9
3488,0,-6
3489,5,2
3490,-4,3
3491,0,0
3492,-5,-1
3493,-5,-1
3494,-2,2
3495,2,-9
3496,-1,0
3497,-1,-1
3498,-7,5
3499,-8,6
3500,-2,5
3501,2,1
3502,-1,8
3503,4,-2
3504,2,2
3505,2,2
3506,-1,0
3507,1,2
3508,0,3
3509,14,-5
3510,2,-2
3511,-7,5
3512,2,-4
3513,-8,6
3514,-3,1
3515,4,-4
3516,-7,5
3517,9,-1
3518,-7,5
3519,-1,-1
3520,-8,4
3521,-8,4
3522,-3,4
3523,-7,5
3524,1,-1
3525,-3,6
3526,11,-8
3527,1,-1
3528,-7,0
3529,-7,5
3530,0,0
3531,1,-5
3532,-5,-2
3533,-5,-2
3534,-8,2
3535,7,-9
3536,-9,5
3537,-7,5
3538,-3,2
3539,-7,5
3540,-4,3
3541,4,-2
3542,1,-1
3543,2,3
3544,2,-4
3545,0,0
3546,4,-4
3547,2,1
3548,3,-3
3549,-7,5
3550,-2,0
3551,-6,8
3552,-5,-1
3553,5,-7
3554,4,-5
3555,2,2
3556,-2,5
3557,0,0
3558,1,6
3559,-7,5
3560,-8,6
3561,-1,-1
3562,4,-3
3563,5,-7
3564,11,-8
3565,7,-4
3566,-3,0
3567,6,-7
3568,-7,0
3569,-5,-1
3570,4,-5
3571,2,2
3572,3,-4
3573,-6,0
3574,6,-7
3575,3,-3
3576,0,-7
3577,0,2
3578,2,2
3579,0,1
3580,-3,2
3581,1,-1
3582,6,-1
3583,0,-2
3584,1,0
3585,0,3
3586,-8,2
3587,5,-7
3588,2,-1
3589,3,-5
3590,2,2
3591,-3,0
3592,3,-2
3593,1,3
3594,6,-3
3595,-3,2
3596,-3,1
3597,3,-5
3598,-4,-2
3599,0,0
3600,-7,5
3601,-5,-1
3602,-2,5
3603,1,-1
3604,6,-6
3605,3,-3
3606,-8,6
3607,2,-9
3608,-3,0
3609,-7,5
3610,9,-7
3611,11,-8
3612,-7,5
3613,1,2
3614,9,-7
3615,-2,-4
3616,0,-7
3617,7,-9
3618,-2,0
3619,2,-4
3620,-3,0
3621,5,-7
3622,4,-4
3623,1,-1
3624,2,2
3625,1,-7
3626,0,0
3627,11,-3
3628,12,-7
3629,-2,5
3630,-1,-5
3631,2,-6
3632,-1,-1
3633,-2,3
3634,0,-2
3635,9,-6
3636,-5,7
3637,-2,5
3638,-5,7
3639,-6,8
3640,-3,-4
3641,0,0
3642,2,0
3643,2,2
3644,-5,-1
3645,-8,2
3646,-7,1
3647,2,-2
3648,0,-7
3649,-5,-2
3650,-7,5
3651,7,-5
3652,7,-9
3653,-7,5
3654,-3,1
3655,-1,4
3656,0,0
3657,-7,5
3658,0,0
3659,-1,2
3660,9,-3
3661,-3,4
3662,-5,-1
3663,4,0
3664,2,-6
3665,-3,2
3666,4,0
3667,2,2
3668,-1,-1
3669,0,-7
3670,9,-7
3671,3,-3
3672,1,-1
3673,2,-2
3674,-1,-1
3675,0,7
3676,5,-7
3677,2,-6
3678,2,0
3679,-2,3
3680,6,-2
3681,7,-9
3682,-4,2
3683,2,2
3684,1,-5
3685,-7,0
3686,10,-5
3687,-7,0
3688,-6,0
3689,2,-4
3690,0,1
3691,-5,7
3692,1,-5
3693,-6,0
3694,4,0
3695,7,-5
3696,6,-3
3697,-5,-1
3698,-7,7
3699,-7,5
3700,5,-7
3701,-3,2
3702,2,-4
3703,2,2
3704,4,0
3705,2,-6
3706,-1,-1
3707,4,0
3708,-5,-1
3709,-8,6
3710,4,-5
3711,0,0
3712,-3,0
3713,3,-5
3714,-2,-4
3715,3,-3
3716,4,-5
3717,3,-3
3718,-3,-4
3719,5,-2
3720,-1,-5
3721,-7,0
3722,3,-5
3723,2,-2
3724,0,1
3725,-5,2
3726,-2,5
3727,0,0
3728,-2,5
3729,-3,-3
3730,0,-7
3731,-3,0
3732,10,-4
3733,-5,-2
3734,-1,2
3735,1,-1
3736,2,-2
3737,1,0
3738,1,-5
3739,-5,7
3740,0,0
3741,7,-9
3742,12,-7
3743,3,1
3744,-2,5
3745,0,0
3746,4,0
3747,0,5
3748,5,-6
3749,-3,2
3750,-8,2
3751,-8,4
3752,4,-3
3753,-8,2
3754,-2,5
3755,8,-4
3756,-3,-4
3757,-1,-1
3758,-2,3
3759,5,-7
3760,7,-5
3761,-8,4
3762,0,0
3763,7,-9
3764,-6,6
3765,3,-3
3766,-8,4
3767,-5,7
3768,6,-3
3769,-2,3
3770,5,-2
3771,-2,5
3772,0,7
3773,-7,1
3774,0,1
3775,7,-3
3776,2,-4
3777,-3,1
3778,4,-2
3779,-7,5
3780,-7,5
3781,7,-5
3782,8,-2
3783,2,1
3784,-2,-4
3785,0,0
3786,2,-2
3787,2,-2
3788,-8,6
3789,-8,4
3790,-7,5
3791,-7,5
3792,1,-1
3793,0,0
3794,-2,5
3795,2,2
3796,6,-2
3797,0,0
3798,0,4
3799,-2,3
3800,1,-1
3801,-1,2
3802,3,-3
3803,-1,-1
3804,2,2
3805,-2,1
3806,-5,7
3807,-3,2
3808,-8,4
3809,-5,-2
3810,-6,8
3811,-1,1
3812,11,-3
3813,-2,3
3814,7,-4
3815,0,0
3816,1,0
3817,5,-3
3818,-2,5
3819,-3,0
3820,4,2
3821,1,-5
3822,5,-6
3823,-7,5
3824,5,-7
3825,1,-7
3826,2,-9
3827,1,-5
3828,-7,5
3829,-5,-2
3830,-3,2
3831,-2,5
3832,3,-3
3833,1,-7
3834,-5,-1
3835,2,2
3836,0,0
3837,9,-6
3838,2,-9
3839,2,2
3840,2,2
3841,0,-2
3842,11,-5
3843,-1,-5
3844,-5,-2
3845,0,7
3846,10,-5
3847,-7,1
3848,2,2
3849,-1,4
3850,4,-3
3851,-3,4
3852,0,0
3853,-5,2
3854,0,7
3855,0,0
3856,4,1
3857,-3,-3
3858,0,3
3859,4,0
3860,5,-7
3861,-1,3
3862,2,2
3863,11,-4
3864,0,0
3865,9,-3
3866,7,-4
3867,-5,-1
3868,3,-3
3869,-5,-1
3870,-6,8
3871,7,-5
3872,-8,6
3873,2,-2
3874,7,-9
3875,0,5
3876,-2,-4
3877,-7,5
3878,0,7
3879,3,4
3880,-5,-2
3881,-1,6
3882,0,0
3883,4,-3
3884,-4,2
3885,2,-2
3886,2,-4
3887,10,-5
3888,-1,-5
3889,2,4
3890,12,-7
3891,-3,0
3892,3,-3
3893,0,4
3894,-1,-1
3895,-2,3
3896,-3,2
3897,-1,-2
3898,3,-5
3899,-2,3
3900,-7,5
3901,-1,-5
3902,0,0
3903,2,-4
3904,1,0
3905,-2,5
3906,-5,-2
3907,6,-3
3908,0,3
3909,9,-6
3910,-6,0
3911,-4,2
3912,-2,5
3913,2,-4
3914,2,-4
3915,-1,-1
3916,-8,4
3917,5,-4
3918,-3,1
3919,-2,5
3920,-3,2
3921,0,7
3922,0,2
3923,-3,2
3924,0,0
3925,4,-7
3926,3,-3
3927,5,-3
3928,3,-3
3929,2,0
3930,3,-2
3931,0,0
3932,-3,6
3933,4,-2
3934,-7,5
3935,1,-1
3936,-1,3
3937,2,4
3938,-4,-2
3939,1,1
3940,-7,5
3941,2,-4
3942,3,0
3943,-9,5
3944,-5,-2
3945,4,2
3946,0,2
3947,9,-1
3948,-8,6
3949,2,2
3950,2,-2
3951,0,0
3952,3,4
3953,-2,5
3954,-2,5
3955,-5,-2
3956,3,-3
3957,0,7
3958,0,-7
3959,2,-9
3960,-8,4
3961,2,0
3962,-3,2
3963,-7,0
3964,-7,5
3965,-5,-2
3966,2,-4
3967,3,-3
3968,-7,5
3969,7,-1
3970,2,3
3971,-2,5
3972,-6,0
3973,0,0
3974,10,-4
3975,-7,5
3976,-7,5
3977,4,-4
3978,-7,5
3979,5,-3
3980,-2,-4
3981,-4,3
3982,2,-2
3983,-7,5
3984,-2,3
3985,-5,-1
3986,11,-4
3987,-2,5
3988,7,-9
3989,6,-3
3990,0,-7
3991,-7,5
3992,7,-9
3993,2,-2
3994,-9,5
3995,-1,0
3996,2,-2
3997,10,-5
3998,11,-8
3999,11,-8
4000,-3,-4
4001,-2,1
4002,1,1
4003,-5,7
4004,-6,8
4005,-8,6
4006,2,-2
4007,-7,0
4008,6,-7
4009,-2,5
4010,1,-5
4011,0,0
4012,2,2
4013,2,-4
4014,2,2
4015,2,4
4016,-7,1
4017,2,2
4018,-8,2
4019,-3,1
4020,10,-4
4021,0,5
4022,7,-5
4023,7,-9
4024,4,-7
4025,2,-2
4026,12,-7
4027,0,0
4028,-6,0
4029,0,0
4030,3,-5
4031,3,-3
4032,4,-4
4033,4,0
4034,5,-2
4035,0,7
4036,-3,2
4037,7,-5
4038,2,-4
4039,0,3
4040,1,-5
4041,2,2
4042,1,4
4043,0,0
4044,2,-2
4045,0,-7
4046,2,-9
4047,-1,-1
4048,4,-5
4049,1,1
4050,-5,-1
4051,0,0
4052,0,-2
4053,3,-5
4054,-1,6
4055,3,-3
4056,3,-3
4057,-5,7
4058,0,0
4059,-3,-3
4060,-1,-1
4061,-8,4
4062,1,-1
4063,-6,8
4064,9,-5
4065,4,-3
4066,-5,-1
4067,13,-6
4068,-8,2
4069,-3,4
4070,1,-1
4071,-6,8
4072,-7,0
4073,2,-4
4074,12,-2
4075,-7,5
4076,-9,5
4077,-1,-1
4078,1,-5
4079,1,-1
4080,0,0
4081,5,-7
4082,0,7
4083,-7,5
4084,-6,8
4085,0,0
4086,5,-7
4087,-3,1
4088,-5,7
4089,-7,7
4090,2,2
4091,10,-5
4092,-5,-2
4093,-1,1
4094,-8,4
4095,12,-3
4096,-6,6
4097,-1,8
4098,7,-9
4099,-1,-1
4100,-1,6
4101,2,-6
4102,11,-8
4103,5,-7
4104,-2,3
4105,1,-1
4106,1,-1
4107,2,-4
4108,-3,6
4109,0,5
4110,1,1
4111,10,-5
4112,1,-1
4113,-8,2
4114,-4,-2
4115,-8,6
4116,-5,-2
4117,-5,-2
4118,0,0
4119,10,-5
4120,-7,5
4121,-7,5
4122,0,0
4123,-2,5
4124,-2,-4
4125,0,-2
4126,2,2
4127,4,-5
4128,4,2
4129,1,1
4130,1,-7
4131,9,-7
4132,-7,5
4133,3,-3
4134,-2,5
4135,2,1
4136,0,0
4137,0,0
4138,1,-5
4139,0,0
4140,-1,3
4141,3,0
4142,-1,1
4143,-5,-2
4144,0,5
4145,0,0
4146,-7,5
4147,1,-5
4148,-8,4
4149,2,0
4150,0,0
4151,-2,-4
4152,-3,1
4153,3,-3
4154,-1,2
4155,7,0
4156,9,-1
4157,-6,8
4158,-3,1
4159,-7,5
4160,-8,2
4161,-3,-4
4162,-2,3
4163,0,0
4164,-5,-1
4165,2,-2
4166,6,-7
4167,-3,1
4168,0,0
4169,1,1
4170,-2,5
4171,-3,-3
4172,-2,5
4173,1,-1
4174,4,2
4175,-7,1
4176,5,-4
4177,-2,5
4178,3,-3
4179,-5,-1
4180,4,-4
4181,5,-2
4182,-8,4
4183,-3,6
4184,1,-1
4185,4,2
4186,-3,-4
4187,-7,5
4188,0,0
4189,-4,2
4190,5,-3
4191,-7,5
4192,0,7
4193,-7,0
4194,-2,3
4195,-1,8
4196,-1,-1
4197,4,0
4198,5,-3
4199,-6,8
4200,-1,-1
4201,-2,3
4202,4,0
4203,2,-4
4204,-3,2
4205,-1,-5
4206,0,-7
4207,1,-7
4208,-5,-1
4209,6,-7
4210,-7,0
4211,5,-3
4212,-2,3
4213,3,-3
4214,-7,5
4215,4,-1
4216,-7,5
4217,1,-5
4218,1,-1
4219,0,1
4220,2,-4
4221,4,1
4222,2,-4
4223,5,-2
4224,-7,5
4225,-8,4
4226,2,-2
4227,-7,0
4228,4,-1
4229,-7,5
4230,-6,6
4231,2,-2
4232,-2,3
4233,-6,0
4234,-1,-5
4235,-1,-2
4236,-2,5
4237,-2,5
4238,7,0
4239,-7,1
4240,-5,7
4241,4,-5
4242,-5,7
4243,2,2
4244,10,-6
4245,-5,7
4246,-1,4
4247,3,-3
4248,-1,6
4249,6,-2
4250,-3,1
4251,0,1
4252,-4,2
4253,-3,4
4254,4,-5
4255,1,-5
4256,-7,1
4257,4,2
4258,-5,7
4259,-2,5
4260,5,-3
4261,2,2
4262,1,-1
4263,-7,5
4264,-1,-1
4265,2,-4
4266,-5,-2
4267,-6,6
4268,-1,6
4269,-8,4
4270,-4,3
4271,-7,0
4272,-3,2
4273,-5,-2
4274,-5,-2
4275,2,-2
4276,1,-1
4277,0,-6
4278,2,-6
4279,-8,6
4280,4,0
4281,2,-9
4282,2,-9
4283,-9,5
4284,-7,5
4285,-6,8
4286,0,0
4287,7,-9
4288,0,2
4289,1,-7
4290,1,-5
4291,4,0
4292,1,-1
4293,-8,4
4294,-7,1
4295,7,-3
4296,5,-7
4297,3,-3
4298,-5,-1
4299,12,-3
4300,2,3
4301,2,2
4302,-5,-2
4303,-1,-2
4304,-2,3
4305,0,0
4306,-3,2
4307,4,-5
4308,-7,0
4309,-7,5
4310,-3,2
4311,-7,0
4312,6,-1
4313,2,-2
4314,-2,5
4315,0,2
4316,10,-6
4317,-2,5
4318,-7,5
4319,6,-7
4320,-3,-4
4321,1,3
4322,2,-4
4323,-5,-2
4324,-1,4
4325,-1,-1
4326,-4,2
4327,5,-6
4328,-3,2
4329,-2,5
4330,6,-1
4331,11,-4
4332,-2,5
4333,-2,5
4334,1,1
4335,2,-2
4336,-2,3
4337,-3,-4
4338,2,-2
4339,2,2
4340,2,-4
4341,-5,7
4342,-1,-1
4343,-7,5
4344,2,-4
4345,-2,5
4346,2,-2
4347,-6,8
4348,6,-7
4349,4,0
4350,4,0
4351,-7,1
4352,-7,5
4353,-8,6
4354,4,-7
4355,1,-1
4356,2,2
4357,-7,5
4358,-2,-4
4359,0,-2
4360,-3,6
4361,2,0
4362,-2,5
4363,-8,4
4364,6,-6
4365,12,-7
4366,2,-2
4367,-6,6
4368,2,-5
4369,0,-7
4370,2,-6
4371,-4,2
4372,-5,-2
4373,9,-6
4374,-1,1
4375,-2,5
4376,0,0
4377,0,0
4378,1,-1
4379,0,5
4380,2,-9
4381,-3,-3
4382,7,-9
4383,12,-2
4384,9,-6
4385,-7,5
4386,-1,-1
4387,-7,5
4388,7,-9
4389,-5,-2
4390,-2,3
4391,2,2
4392,-2,5
4393,-5,-2
4394,2,2
4395,-7,5
4396,-1,8
4397,10,0
4398,-1,-1
4399,2,-5
4400,1,-5
4401,4,-7
4402,-1,1
4403,1,-7
4404,1,-7
4405,3,-4
4406,2,2
4407,-8,6
4408,-7,5
4409,-2,3
4410,-1,6
4411,0,5
4412,0,-7
4413,0,-7
4414,-3,2
4415,-6,4
4416,-2,5
4417,2,2
4418,3,-3
4419,7,-9
4420,-6,6
4421,-7,5
4422,-8,6
4423,1,1
4424,1,-1
4425,-1,-2
4426,-2,-4
4427,2,-9
4428,-2,5
4429,7,-9
4430,-3,0
4431,-7,1
4432,-2,5
4433,2,-2
4434,-8,6
4435,7,-9
4436,0,0
4437,-5,-2
4438,1,-1
4439,-1,8
4440,1,-5
4441,-5,-2
4442,-1,8
4443,2,-4
4444,-4,3
4445,4,-2
4446,1,-1
4447,-2,5
4448,-2,5
4449,-3,2
4450,-7,5
4451,-4,2
4452,2,-4
4453,-8,6
4454,-2,5
4455,-3,6
4456,-4,2
4457,-1,-5
4458,3,4
4459,-3,-4
4460,-3,2
4461,-7,0
4462,-7,5
4463,-5,7
4464,3,-5
4465,3,-2
4466,9,-1
4467,-3,2
4468,-5,-1
4469,5,-2
4470,-3,-4
4471,2,2
4472,2,-4
4473,4,-2
4474,1,-1
4475,4,-7
4476,-3,0
4477,-1,3
4478,4,-3
4479,2,2
4480,-8,6
4481,-6,0
4482,3,-4
4483,-5,-1
4484,1,1
4485,5,-7
4486,1,-5
4487,-6,8
4488,0,0
4489,2,2
4490,4,-2
4491,-3,-4
4492,-6,8
4493,1,-1
4494,5,-3
4495,-1,6
4496,-7,1
4497,6,-6
4498,-1,-5
4499,2,2
4500,2,-9
4501,0,0
4502,-3,-4
4503,-5,-1
4504,-6,8
4505,-5,-2
4506,-1,6
4507,0,1
4508,-5,-2
4509,1,-1
4510,3,-3
4511,-5,-1
4512,-1,2
4513,0,-2
4514,-7,5
4515,-5,7
4516,-3,0
4517,0,0
4518,-8,6
4519,-5,-2
4520,-4,3
4521,0,0
4522,0,-7
4523,-7,5
4524,2,-9
4525,2,-4
4526,1,0
4527,-6,6
4528,-2,5
4529,0,0
4530,5,-4
4531,-3,-4
4532,2,-2
4533,-4,3
4534,-8,6
4535,-4,2
4536,-2,3
4537,-3,2
4538,-1,4
4539,-6,4
4540,1,6
4541,0,0
4542,-8,4
4543,-7,1
4544,-2,5
4545,-4,3
4546,3,4
4547,-6,8
4548,-4,3
4549,-1,1
4550,0,5
4551,-5,-2
4552,3,-5
4553,-5,7
4554,3,1
4555,-9,5
4556,2,2
4557,-1,3
4558,7,-1
4559,-7,5
4560,-2,5
4561,7,-1
4562,0,7
4563,2,-9
4564,5,-7
4565,0,0
4566,2,-5
4567,-2,5
4568,-1,-5
4569,0,0
4570,-5,-1
4571,-3,6
4572,-3,0
4573,1,-1
4574,0,2
4575,2,-6
4576,-7,0
4577,2,-4
4578,6,-1
4579,-5,-2
4580,-2,3
4581,3,-3
4582,0,1
4583,3,-2
4584,4,-7
4585,7,-5
4586,-2,1
4587,0,-7
4588,-8,4
4589,0,0
4590,-1,4
4591,-8,6
4592,1,-5
4593,-3,2
4594,0,3
4595,-1,1
4596,-7,5
4597,-6,0
4598,-3,0
4599,-1,-5
4600,-5,7
4601,-5,-2
4602,5,-6
4603,11,-8
4604,-3,2
4605,4,0
4606,-2,3
4607,7,-4
4608,-3,-3
4609,2,2
4610,0,5
4611,-1,2
4612,0,-2
4613,5,-6
4614,-1,2
4615,2,2
4616,-7,5
4617,-2,5
4618,3,0
4619,8,-4
4620,2,-6
4621,0,5
4622,-8,4
4623,12,-3
4624,2,-9
4625,5,-7
4626,-2,5
4627,-7,5
4628,7,-9
4629,1,2
4630,2,0
4631,-7,1
4632,-3,1
4633,-2,5
4634,4,0
4635,-7,5
4636,4,-5
4637,1,1
4638,3,0
4639,-8,4
4640,-5,-1
4641,-2,-4
4642,-3,-4
4643,0,3
4644,-1,0
4645,-1,0
4646,5,-7
4647,2,-2
4648,3,-5
4649,8,-4
4650,-4,2
4651,0,0
4652,1,4
4653,5,-3
4654,-2,0
4655,1,1
4656,2,2
4657,1,-7
4658,4,-4
4659,-2,5
4660,-2,3
4661,-3,-4
4662,-5,7
4663,3,-5
4664,-7,5
4665,3,0
4666,-2,3
4667,1,1
4668,1,-1
4669,-3,-4
4670,3,-4
4671,3,-5
4672,-3,-3
4673,3,-3
4674,-1,8
4675,0,-2
4676,11,-3
4677,1,0
4678,-7,0
4679,2,-2
4680,-5,7
4681,1,-7
4682,-3,-4
4683,1,-1
4684,0,0
4685,0,-2
4686,-7,0
4687,2,-2
4688,1,-5
4689,2,-9
4690,10,-6
4691,-6,0
4692,-6,8
4693,12,-3
4694,-1,-1
4695,-7,5
4696,11,-8
4697,-1,4
4698,2,-4
4699,-7,5
4700,2,-2
4701,0,0
4702,2,-9
4703,-7,7
4704,-2,3
4705,2,-2
4706,-7,5
4707,-1,-1
4708,2,-2
4709,1,0
4710,-4,3
4711,-8,4
4712,-1,4
4713,-5,-2
4714,-7,0
4715,-7,5
4716,-1,-2
4717,-8,4
4718,2,1
4719,-5,-1
4720,2,-2
4721,-7,0
4722,-7,5
4723,4,-4
4724,9,-3
4725,3,-3
4726,6,-6
4727,2,-4
4728,11,-5
4729,-3,2
4730,0,-2
4731,-5,-2
4732,-5,7
4733,2,-9
4734,2,2
4735,-1,8
4736,1,1
4737,-2,0
4738,0,-7
4739,0,2
4740,0,3
4741,3,-2
4742,-8,4
4743,3,-5
4744,1,-7
4745,3,-5
4746,-1,2
4747,-2,2
4748,4,0
4749,9,-6
4750,3,-3
4751,-8,4
4752,-7,5
4753,3,-3
4754,-2,5
4755,-3,0
4756,0,1
4757,0,-2
4758,0,0
4759,-7,0
4760,-7,1
4761,-1,4
4762,2,-2
4763,-5,-1
4764,-1,-1
4765,-3,2
4766,-2,5
4767,7,-9
4768,-1,-1
4769,0,3
4770,0,-7
4771,7,-9
4772,-7,0
4773,2,1
4774,2,-9
4775,-2,5
4776,10,-4
4777,-4,-2
4778,-7,5
4779,2,-2
4780,-1,2
4781,-7,5
4782,1,-5
4783,-8,4
4784,5,-7
4785,-1,1
4786,2,4
4787,-7,1
4788,7,-5
4789,0,0
4790,12,-2
4791,-2,5
4792,2,-2
4793,6,-7
4794,-3,1
4795,3,-3
4796,-7,5
4797,-7,5
4798,11,-8
4799,2,2
4800,-2,2
4801,1,-5
4802,0,5
4803,1,1
4804,-2,2
4805,7,-4
4806,4,-5
4807,10,-6
4808,4,-7
4809,-2,5
4810,2,-9
4811,9,-3
4812,-8,4
4813,0,0
4814,-4,-2
4815,2,-4
4816,-7,5
4817,12,-3
4818,-7,0
4819,5,-4
4820,-7,5
4821,-3,2
4822,1,-5
4823,5,-2
4824,-1,1
4825,9,-7
4826,5,-3
4827,-3,2
4828,-3,0
4829,1,4
4830,9,-3
4831,0,0
4832,-7,5
4833,0,-7
4834,-2,3
4835,7,-9
4836,0,0
4837,5,-2
4838,-2,1
4839,-8,6
4840,2,-2
4841,0,5
4842,-8,4
4843,0,-7
4844,1,-5
4845,0,-6
4846,-8,4
4847,-2,0
4848,5,-2
4849,-4,2
4850,-3,-4
4851,-8,4
4852,-5,-2
4853,-2,-4
4854,-3,-4
4855,-7,5
4856,5,-3
4857,1,3
4858,0,-2
4859,12,-2
4860,-1,4
4861,-8,2
4862,-5,-1
4863,0,-7
4864,-2,5
4865,-2,5
4866,5,-7
4867,4,2
4868,-7,0
4869,-2,5
4870,0,0
4871,-7,5
4872,1,-1
4873,-4,2
4874,-2,3
4875,2,-1
4876,-8,4
4877,3,-3
4878,-5,7
4879,-3,-4
4880,0,3
4881,10,-5
4882,0,0
4883,10,-6
4884,1,-1
4885,2,2
4886,7,-4
4887,4,-7
4888,0,0
4889,-7,5
4890,4,-4
4891,2,-9
4892,1,-1
4893,1,-1
4894,-5,7
4895,-3,-3
4896,-4,-2
4897,-3,4
4898,2,3
4899,-6,8
4900,2,-2
4901,5,-2
4902,9,-3
4903,-7,5
4904,-8,4
4905,-1,-1
4906,2,2
4907,-7,5
4908,3,-3
4909,0,7
4910,-3,2
4911,-2,3
4912,-1,-1
4913,9,-5
4914,1,1
4915,0,0
4916,1,-7
4917,-2,3
4918,1,-5
4919,-7,1
4920,-5,-2
4921,0,2
4922,-6,0
4923,2,-4
4924,2,-2
4925,1,-1
4926,-7,1
4927,-2,3
4928,7,-9
4929,-3,2
4930,-2,5
4931,5,-3
4932,-7,5
4933,4,-5
4934,0,-2
4935,12,-7
4936,0,-6
4937,11,-8
4938,1,-1
4939,-3,2
4940,-5,7
4941,4,-2
4942,-6,6
4943,2,2
4944,-7,5
4945,-5,7
4946,0,0
4947,-7,5
4948,-7,5
4949,-8,6
4950,12,-7
4951,-2,3
4952,-5,-2
4953,-6,0
4954,0,0
4955,-3,-3
4956,-5,-1
4957,-7,5
4958,6,-1
4959,-7,0
4960,4,0
4961,-1,-1
4962,0,0
4963,-7,5
4964,2,-4
4965,1,1
4966,4,-5
4967,-7,5
4968,-2,5
4969,10,-4
4970,-1,2
4971,1,-5
4972,-1,-5
4973,-5,-1
4974,-3,2
4975,0,2
4976,7,-3
4977,0,0
4978,2,-4
4979,6,-7
4980,0,0
4981,-1,-1
4982,-3,-3
4983,6,-1
4984,6,-6
4985,-5,7
4986,2,-9
4987,9,-7
4988,-2,5
4989,-8,4
4990,-1,6
4991,-8,2
4992,-5,7
4993,-7,5
4994,-3,-4
4995,1,-1
4996,-2,5
4997,2,-4
4998,11,-4
4999,-9,5
