Index,Actual_Class,Predicted_Class,Correct
0,1,1,1
1,0,0,1
2,0,0,1
3,1,1,1
4,0,0,1
5,0,0,1
6,1,1,1
7,0,0,1
8,0,0,1
9,0,0,1
10,1,1,1
11,0,0,1
12,0,0,1
13,1,1,1
14,0,0,1
15,1,1,1
16,0,0,1
17,1,0,0
18,0,0,1
19,0,0,1
20,1,1,1
21,1,0,0
22,1,1,1
23,0,0,1
24,1,0,0
25,0,0,1
26,1,1,1
27,0,0,1
28,0,0,1
29,0,0,1
30,1,1,1
31,0,0,1
32,1,1,1
33,1,1,1
34,1,1,1
35,0,0,1
36,1,0,0
37,1,1,1
38,1,1,1
39,0,0,1
40,0,0,1
41,0,0,1
42,1,1,1
43,0,0,1
44,1,1,1
45,0,0,1
46,0,0,1
47,1,1,1
48,0,0,1
49,1,1,1
50,1,1,1
51,0,0,1
52,1,1,1
53,1,1,1
54,0,0,1
55,0,0,1
56,0,0,1
57,1,1,1
58,0,0,1
59,0,0,1
60,0,0,1
61,0,0,1
62,0,0,1
63,0,0,1
64,1,1,1
65,1,1,1
66,0,0,1
67,0,0,1
68,0,0,1
69,1,1,1
70,0,0,1
71,0,0,1
72,1,1,1
73,0,0,1
74,1,1,1
75,1,1,1
76,1,0,0
77,1,1,1
78,0,0,1
79,0,0,1
80,1,1,1
81,1,0,0
82,0,0,1
83,1,1,1
84,0,0,1
85,1,1,1
86,1,1,1
87,1,1,1
88,1,1,1
89,1,1,1
90,0,0,1
91,1,1,1
92,0,0,1
93,1,1,1
94,0,0,1
95,0,0,1
96,1,0,0
97,1,1,1
98,1,1,1
99,0,0,1
100,0,0,1
101,0,0,1
102,0,0,1
103,1,1,1
104,1,1,1
105,1,0,0
106,0,0,1
107,1,1,1
108,1,1,1
109,1,1,1
110,1,1,1
111,0,0,1
112,1,1,1
113,1,1,1
114,0,0,1
115,1,1,1
116,1,1,1
117,0,0,1
118,0,0,1
119,1,1,1
120,1,0,0
121,1,0,0
122,0,0,1
123,0,0,1
124,1,1,1
125,0,0,1
126,0,0,1
127,1,1,1
128,1,1,1
129,0,0,1
130,0,0,1
131,1,1,1
132,0,0,1
133,0,0,1
134,0,0,1
135,0,0,1
136,0,0,1
137,0,0,1
138,1,1,1
139,0,0,1
140,1,1,1
141,0,0,1
142,0,0,1
143,1,1,1
144,0,0,1
145,0,0,1
146,1,1,1
147,0,0,1
148,1,1,1
149,1,1,1
150,0,0,1
151,1,1,1
152,0,0,1
153,1,1,1
154,0,0,1
155,1,1,1
156,1,0,0
157,0,0,1
158,0,0,1
159,1,1,1
160,0,0,1
161,1,1,1
162,0,0,1
163,0,0,1
164,1,1,1
165,1,0,0
166,0,0,1
167,0,0,1
168,1,1,1
169,0,0,1
170,0,0,1
171,0,0,1
172,1,1,1
173,1,1,1
174,1,1,1
175,0,0,1
176,1,0,0
177,0,0,1
178,1,1,1
179,1,1,1
180,1,1,1
181,0,0,1
182,0,0,1
183,0,0,1
184,1,1,1
185,0,0,1
186,1,1,1
187,1,1,1
188,1,1,1
189,0,0,1
190,1,1,1
191,0,0,1
192,0,0,1
193,0,0,1
194,0,0,1
195,0,0,1
196,0,0,1
197,1,0,0
198,1,1,1
199,0,0,1
200,0,0,1
201,0,0,1
202,1,1,1
203,1,1,1
204,1,0,0
205,1,1,1
206,0,0,1
207,0,0,1
208,1,1,1
209,0,0,1
210,1,1,1
211,0,0,1
212,1,1,1
213,0,0,1
214,0,0,1
215,0,0,1
216,0,0,1
217,0,0,1
218,1,1,1
219,1,1,1
220,1,1,1
221,0,0,1
222,0,0,1
223,1,1,1
224,1,1,1
225,1,1,1
226,1,1,1
227,0,0,1
228,1,1,1
229,0,0,1
230,0,0,1
231,0,0,1
232,1,1,1
233,0,0,1
234,1,1,1
235,0,0,1
236,1,1,1
237,0,0,1
238,1,1,1
239,1,1,1
240,1,1,1
241,1,1,1
242,1,1,1
243,1,1,1
244,1,1,1
245,0,0,1
246,1,1,1
247,1,1,1
248,0,0,1
249,1,1,1
250,0,0,1
251,1,1,1
252,0,0,1
253,0,0,1
254,0,0,1
255,1,1,1
256,1,1,1
257,0,0,1
258,1,1,1
259,1,0,0
260,1,0,0
261,1,1,1
262,1,1,1
263,0,0,1
264,0,0,1
265,1,1,1
266,0,0,1
267,1,1,1
268,0,0,1
269,0,0,1
270,1,1,1
271,1,1,1
272,0,0,1
273,0,0,1
274,0,0,1
275,0,0,1
276,0,0,1
277,0,0,1
278,0,0,1
279,0,0,1
280,0,0,1
281,1,1,1
282,1,1,1
283,0,0,1
284,0,0,1
285,1,1,1
286,1,1,1
287,0,0,1
288,0,0,1
289,0,0,1
290,1,1,1
291,1,1,1
292,0,0,1
293,1,1,1
294,1,1,1
295,1,0,0
296,1,1,1
297,0,0,1
298,0,0,1
299,1,1,1
300,1,1,1
301,1,1,1
302,1,0,0
303,1,1,1
304,1,1,1
305,1,1,1
306,1,1,1
307,1,1,1
308,1,1,1
309,1,1,1
310,0,0,1
311,1,1,1
312,0,0,1
313,0,0,1
314,1,1,1
315,0,0,1
316,0,0,1
317,0,0,1
318,0,0,1
319,1,0,0
320,0,0,1
321,1,1,1
322,0,0,1
323,1,1,1
324,1,1,1
325,1,1,1
326,1,1,1
327,0,0,1
328,0,0,1
329,1,1,1
330,1,0,0
331,0,0,1
332,1,1,1
333,1,0,0
334,0,0,1
335,1,1,1
336,0,0,1
337,0,0,1
338,0,0,1
339,0,0,1
340,1,1,1
341,0,0,1
342,1,1,1
343,0,0,1
344,1,0,0
345,1,1,1
346,0,0,1
347,1,1,1
348,0,0,1
349,1,1,1
350,1,0,0
351,1,1,1
352,1,0,0
353,0,0,1
354,1,1,1
355,1,1,1
356,0,0,1
357,0,0,1
358,1,1,1
359,1,1,1
360,1,0,0
361,1,1,1
362,0,0,1
363,1,1,1
364,1,0,0
365,1,1,1
366,0,0,1
367,0,0,1
368,1,1,1
369,1,0,0
370,0,0,1
371,1,1,1
372,1,1,1
373,0,0,1
374,0,0,1
375,0,0,1
376,0,0,1
377,0,0,1
378,0,0,1
379,1,1,1
380,0,0,1
381,0,0,1
382,1,1,1
383,0,0,1
384,1,1,1
385,1,1,1
386,1,1,1
387,0,0,1
388,1,1,1
389,0,0,1
390,0,0,1
391,0,0,1
392,1,1,1
393,1,1,1
394,1,1,1
395,1,1,1
396,0,0,1
397,0,0,1
398,0,0,1
399,0,0,1
400,0,0,1
401,1,1,1
402,0,0,1
403,1,0,0
404,0,0,1
405,1,1,1
406,0,0,1
407,1,1,1
408,1,1,1
409,1,1,1
410,1,1,1
411,0,0,1
412,0,0,1
413,1,1,1
414,0,0,1
415,1,1,1
416,0,0,1
417,1,1,1
418,0,0,1
419,1,1,1
420,1,1,1
421,1,1,1
422,1,1,1
423,1,1,1
424,0,0,1
425,0,0,1
426,0,0,1
427,1,1,1
428,1,1,1
429,0,0,1
430,0,0,1
431,0,0,1
432,0,0,1
433,0,0,1
434,1,1,1
435,0,0,1
436,1,1,1
437,1,1,1
438,1,1,1
439,0,0,1
440,1,0,0
441,0,0,1
442,1,1,1
443,1,1,1
444,0,0,1
445,0,0,1
446,1,0,0
447,1,0,0
448,0,0,1
449,0,0,1
450,1,1,1
451,1,1,1
452,0,0,1
453,0,0,1
454,0,0,1
455,1,1,1
456,0,0,1
457,1,1,1
458,1,1,1
459,1,1,1
460,0,0,1
461,0,0,1
462,1,1,1
463,0,0,1
464,0,0,1
465,1,1,1
466,1,1,1
467,1,1,1
468,0,0,1
469,0,0,1
470,1,1,1
471,0,0,1
472,1,1,1
473,1,1,1
474,1,1,1
475,0,0,1
476,1,1,1
477,0,0,1
478,1,1,1
479,0,0,1
480,0,0,1
481,0,0,1
482,1,1,1
483,1,1,1
484,0,0,1
485,0,0,1
486,0,0,1
487,1,1,1
488,0,0,1
489,0,0,1
490,0,0,1
491,0,0,1
492,0,0,1
493,1,1,1
494,0,0,1
495,0,0,1
496,1,1,1
497,0,0,1
498,0,0,1
499,1,0,0
500,1,1,1
501,0,0,1
502,0,0,1
503,1,1,1
504,0,0,1
505,0,0,1
506,0,0,1
507,0,0,1
508,0,0,1
509,0,0,1
510,1,1,1
511,1,1,1
512,1,1,1
513,0,0,1
514,1,1,1
515,1,1,1
516,0,0,1
517,1,1,1
518,1,1,1
519,0,0,1
520,1,1,1
521,0,0,1
522,1,0,0
523,0,0,1
524,1,1,1
525,1,1,1
526,1,1,1
527,1,1,1
528,0,0,1
529,1,0,0
530,0,0,1
531,1,1,1
532,1,1,1
533,1,1,1
534,0,0,1
535,0,0,1
536,0,0,1
537,1,1,1
538,0,0,1
539,1,1,1
540,1,1,1
541,0,0,1
542,1,1,1
543,0,0,1
544,1,1,1
545,0,0,1
546,1,1,1
547,0,0,1
548,1,0,0
549,0,0,1
550,0,0,1
551,0,0,1
552,1,1,1
553,1,1,1
554,1,1,1
555,1,1,1
556,0,0,1
557,0,0,1
558,1,1,1
559,1,1,1
560,0,0,1
561,1,0,0
562,1,1,1
563,1,1,1
564,0,0,1
565,0,0,1
566,0,0,1
567,0,0,1
568,0,0,1
569,0,0,1
570,1,1,1
571,1,1,1
572,0,0,1
573,0,0,1
574,0,0,1
575,0,0,1
576,1,0,0
577,0,0,1
578,1,1,1
579,1,1,1
580,0,0,1
581,0,0,1
582,0,0,1
583,0,0,1
584,0,0,1
585,1,0,0
586,1,1,1
587,1,1,1
588,0,0,1
589,1,1,1
590,0,0,1
591,1,0,0
592,1,1,1
593,1,1,1
594,0,0,1
595,1,1,1
596,1,1,1
597,0,0,1
598,0,0,1
599,1,1,1
600,0,0,1
601,1,1,1
602,0,0,1
603,0,0,1
604,0,0,1
605,1,1,1
606,1,0,0
607,0,0,1
608,1,1,1
609,1,1,1
610,1,1,1
611,1,0,0
612,0,0,1
613,1,0,0
614,1,1,1
615,0,0,1
616,1,1,1
617,1,1,1
618,1,1,1
619,1,0,0
620,0,0,1
621,1,1,1
622,1,0,0
623,0,0,1
624,0,0,1
625,0,0,1
626,0,0,1
627,1,1,1
628,0,0,1
629,1,1,1
630,0,0,1
631,0,0,1
632,0,0,1
633,1,1,1
634,1,1,1
635,1,1,1
636,1,1,1
637,1,1,1
638,1,1,1
639,1,1,1
640,0,0,1
641,0,0,1
642,1,1,1
643,0,0,1
644,0,0,1
645,0,0,1
646,1,1,1
647,0,0,1
648,0,0,1
649,1,1,1
650,1,1,1
651,1,1,1
652,0,0,1
653,0,0,1
654,0,0,1
655,1,1,1
656,1,1,1
657,0,0,1
658,1,1,1
659,1,1,1
660,1,1,1
661,1,1,1
662,1,1,1
663,0,0,1
664,1,1,1
665,0,0,1
666,1,1,1
667,1,1,1
668,0,0,1
669,1,1,1
670,1,1,1
671,0,0,1
672,0,0,1
673,0,0,1
674,1,0,0
675,0,0,1
676,1,1,1
677,1,1,1
678,1,1,1
679,0,0,1
680,1,1,1
681,0,0,1
682,0,0,1
683,1,1,1
684,1,1,1
685,0,0,1
686,0,0,1
687,1,1,1
688,1,1,1
689,1,0,0
690,0,0,1
691,0,0,1
692,0,0,1
693,1,1,1
694,1,1,1
695,1,1,1
696,0,0,1
697,0,0,1
698,0,0,1
699,1,1,1
700,0,0,1
701,0,0,1
702,0,0,1
703,0,0,1
704,1,1,1
705,0,0,1
706,0,0,1
707,1,1,1
708,1,1,1
709,1,1,1
710,1,1,1
711,0,0,1
712,0,0,1
713,0,0,1
714,1,1,1
715,0,0,1
716,0,0,1
717,1,1,1
718,0,0,1
719,0,0,1
720,1,1,1
721,0,0,1
722,0,0,1
723,0,0,1
724,1,1,1
725,0,0,1
726,0,0,1
727,0,0,1
728,1,0,0
729,1,1,1
730,1,1,1
731,1,1,1
732,0,0,1
733,1,0,0
734,0,0,1
735,1,1,1
736,0,0,1
737,1,1,1
738,1,1,1
739,1,0,0
740,0,0,1
741,1,0,0
742,1,1,1
743,0,0,1
744,0,0,1
745,0,0,1
746,1,1,1
747,0,0,1
748,1,0,0
749,1,0,0
750,1,1,1
751,0,0,1
752,0,0,1
753,1,1,1
754,1,1,1
755,0,0,1
756,1,1,1
757,0,0,1
758,0,0,1
759,1,1,1
760,1,0,0
761,1,0,0
762,1,1,1
763,0,0,1
764,1,1,1
765,1,1,1
766,0,0,1
767,1,1,1
768,0,0,1
769,0,0,1
770,1,1,1
771,1,1,1
772,0,0,1
773,0,0,1
774,0,0,1
775,0,0,1
776,1,1,1
777,1,1,1
778,0,0,1
779,0,0,1
780,0,0,1
781,0,0,1
782,0,0,1
783,1,1,1
784,1,1,1
785,0,0,1
786,0,0,1
787,1,1,1
788,1,1,1
789,1,0,0
790,1,0,0
791,1,1,1
792,0,0,1
793,1,1,1
794,1,1,1
795,1,1,1
796,0,0,1
797,1,1,1
798,0,0,1
799,1,1,1
800,1,1,1
801,0,0,1
802,1,1,1
803,0,0,1
804,1,1,1
805,0,0,1
806,1,1,1
807,1,1,1
808,0,0,1
809,1,1,1
810,0,0,1
811,1,1,1
812,1,1,1
813,0,0,1
814,1,1,1
815,1,1,1
816,0,0,1
817,0,0,1
818,0,0,1
819,0,0,1
820,1,1,1
821,0,0,1
822,1,1,1
823,1,1,1
824,0,0,1
825,1,1,1
826,1,1,1
827,0,0,1
828,1,1,1
829,1,1,1
830,1,0,0
831,0,0,1
832,1,1,1
833,1,1,1
834,1,1,1
835,1,1,1
836,1,1,1
837,1,1,1
838,1,1,1
839,1,1,1
840,1,1,1
841,0,0,1
842,0,0,1
843,1,1,1
844,0,0,1
845,1,1,1
846,0,0,1
847,1,1,1
848,0,0,1
849,1,1,1
850,0,0,1
851,0,0,1
852,1,1,1
853,1,1,1
854,1,1,1
855,0,0,1
856,1,1,1
857,1,0,0
858,0,0,1
859,0,0,1
860,0,0,1
861,0,0,1
862,1,1,1
863,1,1,1
864,1,1,1
865,1,1,1
866,0,0,1
867,0,0,1
868,0,0,1
869,1,1,1
870,0,0,1
871,0,0,1
872,0,0,1
873,1,1,1
874,0,0,1
875,1,1,1
876,0,0,1
877,1,1,1
878,0,0,1
879,1,0,0
880,1,1,1
881,0,0,1
882,0,0,1
883,0,0,1
884,0,0,1
885,0,0,1
886,1,1,1
887,0,0,1
888,1,0,0
889,0,0,1
890,0,0,1
891,1,1,1
892,0,0,1
893,1,1,1
894,1,1,1
895,1,1,1
896,1,1,1
897,1,1,1
898,1,1,1
899,1,1,1
900,1,1,1
901,1,0,0
902,1,0,0
903,1,0,0
904,1,0,0
905,0,0,1
906,0,0,1
907,0,0,1
908,0,0,1
909,0,0,1
910,0,0,1
911,1,0,0
912,1,1,1
913,1,1,1
914,0,0,1
915,1,1,1
916,0,0,1
917,1,1,1
918,1,1,1
919,0,0,1
920,0,0,1
921,1,0,0
922,0,0,1
923,0,0,1
924,0,0,1
925,0,0,1
926,1,1,1
927,0,0,1
928,1,1,1
929,1,1,1
930,1,1,1
931,0,0,1
932,1,1,1
933,1,1,1
934,1,1,1
935,1,1,1
936,0,0,1
937,0,0,1
938,1,1,1
939,1,1,1
940,1,1,1
941,0,0,1
942,1,1,1
943,1,1,1
944,1,1,1
945,1,1,1
946,0,0,1
947,0,0,1
948,0,0,1
949,0,0,1
950,1,1,1
951,1,0,0
952,0,0,1
953,1,1,1
954,0,0,1
955,0,0,1
956,0,0,1
957,0,0,1
958,1,1,1
959,0,0,1
960,1,0,0
961,1,1,1
962,1,1,1
963,1,1,1
964,0,0,1
965,1,1,1
966,1,1,1
967,0,0,1
968,1,1,1
969,1,1,1
970,0,0,1
971,0,0,1
972,0,0,1
973,1,1,1
974,1,1,1
975,0,0,1
976,1,1,1
977,1,1,1
978,1,1,1
979,0,0,1
980,1,1,1
981,0,0,1
982,1,1,1
983,1,1,1
984,1,1,1
985,1,0,0
986,0,0,1
987,0,0,1
988,1,1,1
989,1,1,1
990,1,1,1
991,0,0,1
992,0,0,1
993,1,1,1
994,0,0,1
995,1,1,1
996,0,0,1
997,0,0,1
998,0,0,1
999,1,1,1
1000,1,1,1
1001,1,1,1
1002,1,1,1
1003,1,1,1
1004,1,1,1
1005,0,0,1
1006,0,0,1
1007,0,0,1
1008,0,0,1
1009,1,1,1
1010,1,1,1
1011,0,0,1
1012,1,1,1
1013,1,1,1
1014,0,0,1
1015,0,0,1
1016,0,0,1
1017,1,1,1
1018,1,1,1
1019,0,0,1
1020,0,0,1
1021,1,1,1
1022,0,0,1
1023,1,1,1
1024,0,0,1
1025,0,0,1
1026,1,1,1
1027,0,0,1
1028,0,0,1
1029,0,0,1
1030,0,0,1
1031,0,0,1
1032,1,1,1
1033,1,1,1
1034,1,1,1
1035,0,0,1
1036,0,0,1
1037,1,1,1
1038,1,0,0
1039,1,0,0
1040,0,0,1
1041,1,1,1
1042,0,0,1
1043,0,0,1
1044,0,0,1
1045,1,1,1
1046,0,0,1
1047,1,1,1
1048,1,1,1
1049,1,1,1
1050,1,0,0
1051,1,0,0
1052,1,1,1
1053,0,0,1
1054,1,1,1
1055,0,0,1
1056,0,0,1
1057,1,1,1
1058,0,0,1
1059,1,1,1
1060,0,0,1
1061,0,0,1
1062,0,0,1
1063,1,1,1
1064,0,0,1
1065,1,0,0
1066,1,1,1
1067,0,0,1
1068,1,1,1
1069,0,0,1
1070,1,1,1
1071,0,0,1
1072,0,0,1
1073,0,0,1
1074,1,1,1
1075,0,0,1
1076,1,1,1
1077,0,0,1
1078,1,1,1
1079,1,1,1
1080,1,1,1
1081,1,1,1
1082,0,0,1
1083,0,0,1
1084,1,1,1
1085,1,1,1
1086,0,0,1
1087,1,1,1
1088,1,1,1
1089,1,1,1
1090,1,1,1
1091,1,1,1
1092,0,0,1
1093,0,0,1
1094,0,0,1
1095,1,1,1
1096,0,0,1
1097,1,1,1
1098,0,0,1
1099,1,1,1
1100,1,0,0
1101,1,1,1
1102,0,0,1
1103,0,0,1
1104,1,1,1
1105,0,0,1
1106,0,0,1
1107,1,0,0
1108,1,0,0
1109,0,0,1
1110,0,0,1
1111,0,0,1
1112,1,1,1
1113,1,1,1
1114,1,1,1
1115,0,0,1
1116,0,0,1
1117,0,0,1
1118,1,1,1
1119,1,1,1
1120,0,0,1
1121,1,0,0
1122,0,0,1
1123,0,0,1
1124,0,0,1
1125,0,0,1
1126,0,0,1
1127,0,0,1
1128,1,1,1
1129,1,0,0
1130,1,1,1
1131,1,1,1
1132,0,0,1
1133,1,1,1
1134,0,0,1
1135,0,0,1
1136,1,1,1
1137,1,1,1
1138,0,0,1
1139,1,0,0
1140,1,0,0
1141,1,1,1
1142,0,0,1
1143,1,0,0
1144,1,1,1
1145,1,1,1
1146,1,1,1
1147,0,0,1
1148,0,0,1
1149,1,0,0
1150,1,1,1
1151,1,1,1
1152,1,1,1
1153,0,0,1
1154,0,0,1
1155,0,0,1
1156,0,0,1
1157,0,0,1
1158,0,0,1
1159,1,0,0
1160,0,0,1
1161,1,1,1
1162,0,0,1
1163,1,1,1
1164,1,1,1
1165,0,0,1
1166,1,1,1
1167,0,0,1
1168,0,0,1
1169,1,1,1
1170,0,0,1
1171,0,0,1
1172,0,0,1
1173,1,1,1
1174,0,0,1
1175,1,1,1
1176,1,1,1
1177,0,0,1
1178,0,0,1
1179,0,0,1
1180,0,0,1
1181,1,1,1
1182,1,1,1
1183,0,0,1
1184,1,1,1
1185,0,0,1
1186,0,0,1
1187,1,1,1
1188,1,1,1
1189,0,0,1
1190,1,1,1
1191,1,0,0
1192,0,0,1
1193,1,0,0
1194,1,1,1
1195,0,0,1
1196,1,1,1
1197,0,0,1
1198,0,0,1
1199,1,1,1
1200,0,0,1
1201,0,0,1
1202,1,1,1
1203,0,0,1
1204,1,1,1
1205,0,0,1
1206,1,1,1
1207,0,0,1
1208,1,1,1
1209,0,0,1
1210,1,1,1
1211,1,1,1
1212,1,0,0
1213,0,0,1
1214,1,0,0
1215,1,1,1
1216,0,0,1
1217,1,1,1
1218,1,1,1
1219,0,0,1
1220,0,0,1
1221,0,0,1
1222,0,0,1
1223,0,0,1
1224,1,1,1
1225,1,1,1
1226,0,0,1
1227,1,1,1
1228,1,1,1
1229,0,0,1
1230,0,0,1
1231,1,1,1
1232,1,1,1
1233,1,1,1
1234,0,0,1
1235,1,1,1
1236,0,0,1
1237,1,1,1
1238,1,1,1
1239,0,0,1
1240,1,1,1
1241,0,0,1
1242,1,1,1
1243,1,1,1
1244,1,1,1
1245,1,0,0
1246,0,0,1
1247,0,0,1
1248,1,1,1
1249,0,0,1
1250,1,1,1
1251,0,0,1
1252,1,1,1
1253,0,0,1
1254,0,0,1
1255,1,0,0
1256,1,1,1
1257,1,1,1
1258,1,1,1
1259,1,1,1
1260,1,1,1
1261,1,1,1
1262,0,0,1
1263,1,1,1
1264,0,0,1
1265,0,0,1
1266,1,1,1
1267,1,1,1
1268,1,1,1
1269,0,0,1
1270,0,0,1
1271,0,0,1
1272,1,1,1
1273,1,0,0
1274,0,0,1
1275,1,1,1
1276,0,0,1
1277,0,0,1
1278,1,1,1
1279,1,0,0
1280,0,0,1
1281,1,1,1
1282,0,0,1
1283,0,0,1
1284,0,0,1
1285,0,0,1
1286,1,1,1
1287,1,1,1
1288,0,0,1
1289,0,0,1
1290,0,0,1
1291,1,1,1
1292,0,0,1
1293,0,0,1
1294,0,0,1
1295,1,0,0
1296,1,1,1
1297,0,0,1
1298,1,0,0
1299,1,1,1
1300,1,1,1
1301,0,0,1
1302,0,0,1
1303,0,0,1
1304,0,0,1
1305,0,0,1
1306,1,1,1
1307,1,1,1
1308,1,1,1
1309,0,0,1
1310,0,0,1
1311,0,0,1
1312,1,1,1
1313,0,0,1
1314,0,0,1
1315,1,1,1
1316,1,0,0
1317,0,0,1
1318,0,0,1
1319,1,1,1
1320,1,1,1
1321,0,0,1
1322,1,1,1
1323,0,0,1
1324,1,0,0
1325,1,0,0
1326,1,1,1
1327,0,0,1
1328,1,1,1
1329,0,0,1
1330,1,1,1
1331,0,0,1
1332,0,0,1
1333,0,0,1
1334,1,1,1
1335,1,1,1
1336,0,0,1
1337,1,1,1
1338,1,1,1
1339,0,0,1
1340,1,1,1
1341,1,1,1
1342,1,1,1
1343,1,1,1
1344,1,1,1
1345,0,0,1
1346,0,0,1
1347,0,0,1
1348,1,1,1
1349,0,0,1
1350,1,1,1
1351,0,0,1
1352,0,0,1
1353,0,0,1
1354,1,1,1
1355,0,0,1
1356,1,1,1
1357,1,0,0
1358,1,0,0
1359,0,0,1
1360,1,1,1
1361,0,0,1
1362,0,0,1
1363,0,0,1
1364,0,0,1
1365,1,1,1
1366,0,0,1
1367,0,0,1
1368,1,1,1
1369,1,0,0
1370,0,0,1
1371,1,1,1
1372,1,1,1
1373,1,1,1
1374,1,1,1
1375,0,0,1
1376,1,1,1
1377,0,0,1
1378,0,0,1
1379,0,0,1
1380,0,0,1
1381,1,1,1
1382,1,1,1
1383,1,1,1
1384,1,1,1
1385,1,1,1
1386,0,0,1
1387,1,1,1
1388,0,0,1
1389,1,1,1
1390,0,0,1
1391,0,0,1
1392,0,0,1
1393,0,0,1
1394,1,1,1
1395,0,0,1
1396,0,0,1
1397,0,0,1
1398,1,1,1
1399,1,1,1
1400,0,0,1
1401,0,0,1
1402,1,1,1
1403,0,0,1
1404,0,0,1
1405,0,0,1
1406,1,1,1
1407,0,0,1
1408,0,0,1
1409,0,0,1
1410,0,0,1
1411,0,0,1
1412,0,0,1
1413,1,1,1
1414,0,0,1
1415,0,0,1
1416,0,0,1
1417,1,1,1
1418,1,1,1
1419,0,0,1
1420,1,1,1
1421,0,0,1
1422,1,1,1
1423,1,1,1
1424,1,0,0
1425,1,1,1
1426,0,0,1
1427,0,0,1
1428,0,0,1
1429,1,1,1
1430,0,0,1
1431,0,0,1
1432,1,1,1
1433,0,0,1
1434,0,0,1
1435,0,0,1
1436,1,1,1
1437,0,0,1
1438,1,1,1
1439,1,1,1
1440,1,1,1
1441,0,0,1
1442,0,0,1
1443,0,0,1
1444,1,1,1
1445,0,0,1
1446,0,0,1
1447,1,1,1
1448,0,0,1
1449,1,1,1
1450,0,0,1
1451,1,1,1
1452,0,0,1
1453,0,0,1
1454,0,0,1
1455,1,1,1
1456,1,1,1
1457,1,1,1
1458,0,0,1
1459,0,0,1
1460,0,0,1
1461,1,1,1
1462,1,1,1
1463,0,0,1
1464,1,1,1
1465,1,1,1
1466,0,0,1
1467,1,1,1
1468,1,1,1
1469,1,1,1
1470,0,0,1
1471,0,0,1
1472,1,1,1
1473,1,1,1
1474,0,0,1
1475,0,0,1
1476,1,1,1
1477,1,1,1
1478,0,0,1
1479,0,0,1
1480,1,0,0
1481,1,1,1
1482,0,0,1
1483,0,0,1
1484,1,1,1
1485,0,0,1
1486,0,0,1
1487,1,1,1
1488,0,0,1
1489,1,1,1
1490,0,0,1
1491,0,0,1
1492,1,1,1
1493,0,0,1
1494,0,0,1
1495,1,1,1
1496,1,1,1
1497,1,1,1
1498,1,1,1
1499,0,0,1
1500,1,0,0
1501,0,0,1
1502,1,1,1
1503,0,0,1
1504,1,1,1
1505,1,1,1
1506,1,1,1
1507,1,1,1
1508,0,0,1
1509,1,1,1
1510,0,0,1
1511,0,0,1
1512,1,1,1
1513,1,1,1
1514,0,0,1
1515,0,0,1
1516,0,0,1
1517,1,1,1
1518,0,0,1
1519,1,1,1
1520,1,1,1
1521,1,1,1
1522,1,1,1
1523,1,1,1
1524,0,0,1
1525,1,1,1
1526,1,1,1
1527,0,0,1
1528,1,1,1
1529,1,1,1
1530,1,1,1
1531,0,0,1
1532,1,1,1
1533,1,1,1
1534,1,1,1
1535,1,1,1
1536,1,0,0
1537,0,0,1
1538,0,0,1
1539,0,0,1
1540,0,0,1
1541,1,1,1
1542,1,1,1
1543,1,1,1
1544,1,1,1
1545,0,0,1
1546,1,1,1
1547,0,0,1
1548,0,0,1
1549,0,0,1
1550,0,0,1
1551,0,0,1
1552,1,1,1
1553,0,0,1
1554,1,1,1
1555,0,0,1
1556,0,0,1
1557,1,1,1
1558,0,0,1
1559,1,1,1
1560,0,0,1
1561,0,0,1
1562,1,1,1
1563,1,1,1
1564,0,0,1
1565,0,0,1
1566,1,1,1
1567,0,0,1
1568,0,0,1
1569,0,0,1
1570,1,1,1
1571,1,1,1
1572,1,1,1
1573,0,0,1
1574,1,1,1
1575,1,1,1
1576,0,0,1
1577,0,0,1
1578,0,0,1
1579,1,1,1
1580,0,0,1
1581,1,1,1
1582,0,0,1
1583,0,0,1
1584,1,1,1
1585,1,1,1
1586,1,1,1
1587,0,0,1
1588,1,1,1
1589,1,1,1
1590,0,0,1
1591,1,1,1
1592,0,0,1
1593,1,1,1
1594,0,0,1
1595,0,0,1
1596,0,0,1
1597,1,1,1
1598,0,0,1
1599,0,0,1
1600,1,0,0
1601,1,1,1
1602,1,0,0
1603,0,0,1
1604,0,0,1
1605,1,1,1
1606,1,1,1
1607,1,1,1
1608,1,1,1
1609,0,0,1
1610,0,0,1
1611,0,0,1
1612,0,0,1
1613,1,1,1
1614,1,1,1
1615,0,0,1
1616,1,1,1
1617,1,1,1
1618,1,0,0
1619,1,1,1
1620,1,1,1
1621,0,0,1
1622,0,0,1
1623,0,0,1
1624,1,1,1
1625,1,0,0
1626,0,0,1
1627,1,1,1
1628,0,0,1
1629,0,0,1
1630,1,1,1
1631,1,1,1
1632,0,0,1
1633,0,0,1
1634,0,0,1
1635,0,0,1
1636,1,1,1
1637,0,0,1
1638,1,1,1
1639,1,1,1
1640,0,0,1
1641,1,1,1
1642,0,0,1
1643,0,0,1
1644,0,0,1
1645,1,1,1
1646,1,1,1
1647,0,0,1
1648,0,0,1
1649,1,1,1
1650,0,0,1
1651,1,1,1
1652,1,1,1
1653,1,1,1
1654,0,0,1
1655,1,1,1
1656,1,1,1
1657,0,0,1
1658,0,0,1
1659,1,1,1
1660,1,1,1
1661,1,1,1
1662,0,0,1
1663,1,1,1
1664,0,0,1
1665,0,0,1
1666,0,0,1
1667,1,1,1
1668,1,1,1
1669,0,0,1
1670,1,1,1
1671,1,1,1
1672,0,0,1
1673,0,0,1
1674,1,1,1
1675,1,1,1
1676,1,1,1
1677,0,0,1
1678,0,0,1
1679,0,0,1
1680,0,0,1
1681,0,0,1
1682,0,0,1
1683,0,0,1
1684,0,0,1
1685,0,0,1
1686,0,0,1
1687,0,0,1
1688,1,1,1
1689,1,1,1
1690,1,1,1
1691,0,0,1
1692,1,1,1
1693,0,0,1
1694,0,0,1
1695,0,0,1
1696,1,1,1
1697,1,0,0
1698,0,0,1
1699,0,0,1
1700,1,0,0
1701,1,1,1
1702,1,1,1
1703,1,1,1
1704,1,1,1
1705,0,0,1
1706,0,0,1
1707,1,1,1
1708,1,1,1
1709,1,1,1
1710,0,0,1
1711,1,1,1
1712,0,0,1
1713,1,0,0
1714,1,1,1
1715,1,1,1
1716,1,1,1
1717,0,0,1
1718,1,1,1
1719,1,0,0
1720,0,0,1
1721,1,1,1
1722,0,0,1
1723,1,1,1
1724,1,1,1
1725,0,0,1
1726,0,0,1
1727,1,1,1
1728,1,1,1
1729,0,0,1
1730,1,1,1
1731,1,1,1
1732,0,0,1
1733,1,1,1
1734,0,0,1
1735,1,1,1
1736,1,1,1
1737,0,0,1
1738,0,0,1
1739,1,0,0
1740,0,0,1
1741,1,1,1
1742,1,1,1
1743,1,1,1
1744,0,0,1
1745,1,1,1
1746,0,0,1
1747,0,0,1
1748,0,0,1
1749,1,1,1
1750,1,1,1
1751,0,0,1
1752,0,0,1
1753,0,0,1
1754,1,1,1
1755,1,1,1
1756,1,1,1
1757,1,1,1
1758,0,0,1
1759,0,0,1
1760,0,0,1
1761,1,1,1
1762,1,1,1
1763,1,1,1
1764,1,1,1
1765,0,0,1
1766,1,1,1
1767,1,0,0
1768,1,1,1
1769,0,0,1
1770,1,1,1
1771,1,1,1
1772,0,0,1
1773,0,0,1
1774,1,1,1
1775,1,1,1
1776,1,1,1
1777,0,0,1
1778,1,0,0
1779,0,0,1
1780,1,0,0
1781,1,1,1
1782,0,0,1
1783,1,1,1
1784,0,0,1
1785,1,1,1
1786,1,1,1
1787,1,1,1
1788,1,1,1
1789,1,1,1
1790,0,0,1
1791,0,0,1
1792,0,0,1
1793,0,0,1
1794,1,1,1
1795,1,1,1
1796,1,1,1
1797,1,1,1
1798,0,0,1
1799,1,1,1
1800,1,1,1
1801,1,1,1
1802,1,1,1
1803,1,1,1
1804,1,1,1
1805,0,0,1
1806,1,1,1
1807,1,1,1
1808,1,1,1
1809,0,0,1
1810,1,1,1
1811,0,0,1
1812,1,1,1
1813,1,1,1
1814,0,0,1
1815,1,0,0
1816,1,1,1
1817,1,1,1
1818,1,1,1
1819,1,0,0
1820,0,0,1
1821,1,1,1
1822,1,1,1
1823,0,0,1
1824,0,0,1
1825,1,1,1
1826,1,1,1
1827,1,1,1
1828,1,1,1
1829,1,1,1
1830,0,0,1
1831,1,1,1
1832,0,0,1
1833,0,0,1
1834,1,1,1
1835,0,0,1
1836,0,0,1
1837,0,0,1
1838,1,1,1
1839,0,0,1
1840,1,1,1
1841,1,1,1
1842,1,1,1
1843,1,1,1
1844,1,1,1
1845,1,1,1
1846,1,0,0
1847,0,0,1
1848,0,0,1
1849,1,1,1
1850,1,1,1
1851,0,0,1
1852,1,1,1
1853,1,1,1
1854,0,0,1
1855,0,0,1
1856,0,0,1
1857,1,1,1
1858,1,1,1
1859,0,0,1
1860,0,0,1
1861,0,0,1
1862,0,0,1
1863,1,1,1
1864,1,1,1
1865,0,0,1
1866,0,0,1
1867,0,0,1
1868,0,0,1
1869,1,1,1
1870,0,0,1
1871,0,0,1
1872,0,0,1
1873,1,0,0
1874,0,0,1
1875,0,0,1
1876,1,1,1
1877,0,0,1
1878,0,0,1
1879,0,0,1
1880,0,0,1
1881,0,0,1
1882,1,1,1
1883,1,1,1
1884,1,1,1
1885,1,1,1
1886,0,0,1
1887,0,0,1
1888,1,1,1
1889,0,0,1
1890,0,0,1
1891,1,1,1
1892,0,0,1
1893,1,1,1
1894,1,1,1
1895,0,0,1
1896,0,0,1
1897,1,1,1
1898,1,1,1
1899,0,0,1
1900,1,1,1
1901,0,0,1
1902,0,0,1
1903,1,1,1
1904,1,0,0
1905,0,0,1
1906,1,1,1
1907,1,1,1
1908,0,0,1
1909,1,1,1
1910,1,1,1
1911,0,0,1
1912,0,0,1
1913,1,1,1
1914,0,0,1
1915,0,0,1
1916,1,1,1
1917,0,0,1
1918,1,1,1
1919,0,0,1
1920,0,0,1
1921,0,0,1
1922,0,0,1
1923,0,0,1
1924,0,0,1
1925,0,0,1
1926,0,0,1
1927,0,0,1
1928,0,0,1
1929,0,0,1
1930,1,0,0
1931,1,1,1
1932,0,0,1
1933,1,1,1
1934,0,0,1
1935,0,0,1
1936,0,0,1
1937,0,0,1
1938,1,1,1
1939,1,1,1
1940,0,0,1
1941,1,1,1
1942,1,1,1
1943,1,1,1
1944,1,1,1
1945,1,1,1
1946,0,0,1
1947,0,0,1
1948,1,1,1
1949,1,1,1
1950,1,1,1
1951,1,1,1
1952,1,1,1
1953,1,1,1
1954,0,0,1
1955,0,0,1
1956,0,0,1
1957,1,1,1
1958,1,1,1
1959,1,0,0
1960,0,0,1
1961,1,1,1
1962,0,0,1
1963,1,1,1
1964,0,0,1
1965,1,1,1
1966,1,1,1
1967,1,0,0
1968,1,0,0
1969,1,1,1
1970,1,1,1
1971,0,0,1
1972,1,1,1
1973,1,1,1
1974,0,0,1
1975,1,1,1
1976,1,1,1
1977,0,0,1
1978,1,1,1
1979,1,1,1
1980,1,1,1
1981,1,1,1
1982,1,1,1
1983,0,0,1
1984,1,1,1
1985,0,0,1
1986,1,1,1
1987,1,1,1
1988,0,0,1
1989,0,0,1
1990,1,1,1
1991,0,0,1
1992,1,1,1
1993,0,0,1
1994,1,1,1
1995,0,0,1
1996,0,0,1
1997,0,0,1
1998,1,1,1
1999,0,0,1
2000,0,0,1
2001,0,0,1
2002,1,1,1
2003,0,0,1
2004,0,0,1
2005,1,1,1
2006,0,0,1
2007,0,0,1
2008,1,1,1
2009,1,1,1
2010,0,0,1
2011,1,1,1
2012,0,0,1
2013,1,1,1
2014,0,0,1
2015,1,1,1
2016,1,1,1
2017,1,1,1
2018,0,0,1
2019,1,1,1
2020,1,1,1
2021,1,1,1
2022,0,0,1
2023,1,1,1
2024,0,0,1
2025,1,1,1
2026,1,0,0
2027,1,1,1
2028,1,1,1
2029,0,0,1
2030,0,0,1
2031,0,0,1
2032,1,1,1
2033,1,1,1
2034,0,0,1
2035,0,0,1
2036,0,0,1
2037,0,0,1
2038,1,1,1
2039,0,0,1
2040,0,0,1
2041,1,1,1
2042,1,1,1
2043,1,1,1
2044,0,0,1
2045,0,0,1
2046,1,1,1
2047,0,0,1
2048,0,0,1
2049,1,1,1
2050,1,1,1
2051,0,0,1
2052,0,0,1
2053,1,1,1
2054,0,0,1
2055,0,0,1
2056,1,0,0
2057,1,0,0
2058,1,1,1
2059,1,1,1
2060,1,1,1
2061,0,0,1
2062,0,0,1
2063,0,0,1
2064,1,0,0
2065,1,0,0
2066,1,0,0
2067,1,1,1
2068,1,1,1
2069,0,0,1
2070,0,0,1
2071,0,0,1
2072,1,0,0
2073,1,1,1
2074,0,0,1
2075,1,1,1
2076,1,1,1
2077,1,1,1
2078,1,1,1
2079,0,0,1
2080,1,1,1
2081,0,0,1
2082,1,1,1
2083,1,1,1
2084,1,1,1
2085,0,0,1
2086,0,0,1
2087,1,1,1
2088,0,0,1
2089,0,0,1
2090,1,1,1
2091,1,1,1
2092,0,0,1
2093,1,1,1
2094,1,1,1
2095,0,0,1
2096,0,0,1
2097,1,1,1
2098,0,0,1
2099,1,0,0
2100,0,0,1
2101,1,1,1
2102,0,0,1
2103,1,1,1
2104,0,0,1
2105,1,0,0
2106,1,1,1
2107,0,0,1
2108,1,1,1
2109,1,1,1
2110,1,1,1
2111,0,0,1
2112,1,1,1
2113,0,0,1
2114,0,0,1
2115,0,0,1
2116,1,1,1
2117,1,1,1
2118,1,1,1
2119,0,0,1
2120,1,1,1
2121,1,1,1
2122,1,1,1
2123,0,0,1
2124,0,0,1
2125,1,1,1
2126,0,0,1
2127,1,1,1
2128,0,0,1
2129,1,1,1
2130,1,1,1
2131,0,0,1
2132,1,1,1
2133,0,0,1
2134,0,0,1
2135,0,0,1
2136,1,1,1
2137,1,1,1
2138,1,0,0
2139,1,1,1
2140,1,0,0
2141,0,0,1
2142,1,1,1
2143,1,1,1
2144,0,0,1
2145,0,0,1
2146,0,0,1
2147,1,1,1
2148,0,0,1
2149,1,1,1
2150,0,0,1
2151,1,1,1
2152,1,1,1
2153,0,0,1
2154,1,1,1
2155,1,0,0
2156,0,0,1
2157,0,0,1
2158,0,0,1
2159,1,1,1
2160,0,0,1
2161,0,0,1
2162,1,1,1
2163,1,0,0
2164,0,0,1
2165,1,0,0
2166,0,0,1
2167,0,0,1
2168,0,0,1
2169,1,1,1
2170,1,1,1
2171,1,0,0
2172,0,0,1
2173,0,0,1
2174,1,1,1
2175,1,0,0
2176,1,1,1
2177,0,0,1
2178,0,0,1
2179,1,1,1
2180,0,0,1
2181,1,1,1
2182,1,1,1
2183,0,0,1
2184,0,0,1
2185,1,1,1
2186,1,1,1
2187,0,0,1
2188,0,0,1
2189,1,1,1
2190,1,1,1
2191,0,0,1
2192,1,0,0
2193,1,1,1
2194,0,0,1
2195,1,1,1
2196,0,0,1
2197,0,0,1
2198,0,0,1
2199,1,1,1
2200,1,1,1
2201,1,1,1
2202,0,0,1
2203,1,1,1
2204,0,0,1
2205,0,0,1
2206,1,1,1
2207,0,0,1
2208,0,0,1
2209,1,1,1
2210,0,0,1
2211,1,1,1
2212,0,0,1
2213,1,1,1
2214,0,0,1
2215,0,0,1
2216,0,0,1
2217,1,1,1
2218,0,0,1
2219,0,0,1
2220,0,0,1
2221,1,1,1
2222,1,1,1
2223,1,1,1
2224,1,0,0
2225,0,0,1
2226,1,1,1
2227,0,0,1
2228,0,0,1
2229,1,1,1
2230,0,0,1
2231,0,0,1
2232,1,0,0
2233,0,0,1
2234,1,0,0
2235,1,1,1
2236,0,0,1
2237,0,0,1
2238,0,0,1
2239,0,0,1
2240,0,0,1
2241,1,1,1
2242,0,0,1
2243,0,0,1
2244,0,0,1
2245,0,0,1
2246,0,0,1
2247,0,0,1
2248,1,1,1
2249,1,1,1
2250,1,1,1
2251,0,0,1
2252,0,0,1
2253,1,1,1
2254,1,1,1
2255,0,0,1
2256,0,0,1
2257,0,0,1
2258,1,0,0
2259,0,0,1
2260,0,0,1
2261,0,0,1
2262,0,0,1
2263,0,0,1
2264,0,0,1
2265,1,1,1
2266,0,0,1
2267,1,1,1
2268,1,1,1
2269,0,0,1
2270,0,0,1
2271,0,0,1
2272,0,0,1
2273,1,1,1
2274,1,1,1
2275,0,0,1
2276,1,1,1
2277,1,1,1
2278,1,1,1
2279,1,1,1
2280,0,0,1
2281,0,0,1
2282,0,0,1
2283,1,0,0
2284,0,0,1
2285,1,1,1
2286,1,1,1
2287,0,0,1
2288,0,0,1
2289,1,1,1
2290,0,0,1
2291,1,1,1
2292,0,0,1
2293,1,1,1
2294,1,1,1
2295,1,1,1
2296,0,0,1
2297,1,1,1
2298,1,1,1
2299,0,0,1
2300,0,0,1
2301,0,0,1
2302,0,0,1
2303,1,1,1
2304,1,1,1
2305,1,1,1
2306,0,0,1
2307,1,1,1
2308,0,0,1
2309,0,0,1
2310,1,1,1
2311,0,0,1
2312,1,1,1
2313,0,0,1
2314,0,0,1
2315,1,1,1
2316,1,1,1
2317,0,0,1
2318,1,0,0
2319,1,1,1
2320,1,1,1
2321,0,0,1
2322,0,0,1
2323,0,0,1
2324,0,0,1
2325,0,0,1
2326,1,1,1
2327,1,1,1
2328,1,1,1
2329,1,1,1
2330,0,0,1
2331,1,1,1
2332,1,1,1
2333,0,0,1
2334,0,0,1
2335,0,0,1
2336,1,1,1
2337,1,1,1
2338,0,0,1
2339,0,0,1
2340,1,1,1
2341,0,0,1
2342,0,0,1
2343,0,0,1
2344,0,0,1
2345,0,0,1
2346,0,0,1
2347,0,0,1
2348,0,0,1
2349,1,1,1
2350,1,1,1
2351,0,0,1
2352,0,0,1
2353,1,1,1
2354,0,0,1
2355,0,0,1
2356,0,0,1
2357,1,1,1
2358,1,1,1
2359,1,1,1
2360,0,0,1
2361,1,0,0
2362,0,0,1
2363,0,0,1
2364,0,0,1
2365,0,0,1
2366,1,0,0
2367,0,0,1
2368,1,1,1
2369,1,1,1
2370,1,1,1
2371,0,0,1
2372,0,0,1
2373,0,0,1
2374,1,0,0
2375,0,0,1
2376,1,1,1
2377,0,0,1
2378,1,1,1
2379,1,1,1
2380,0,0,1
2381,0,0,1
2382,1,1,1
2383,0,0,1
2384,1,1,1
2385,1,1,1
2386,0,0,1
2387,1,1,1
2388,0,0,1
2389,1,0,0
2390,0,0,1
2391,0,0,1
2392,0,0,1
2393,0,0,1
2394,1,0,0
2395,1,1,1
2396,0,0,1
2397,1,1,1
2398,1,1,1
2399,0,0,1
2400,0,0,1
2401,1,1,1
2402,0,0,1
2403,1,0,0
2404,0,0,1
2405,1,0,0
2406,0,0,1
2407,0,0,1
2408,0,0,1
2409,0,0,1
2410,0,0,1
2411,1,1,1
2412,0,0,1
2413,1,1,1
2414,0,0,1
2415,0,0,1
2416,0,0,1
2417,1,1,1
2418,0,0,1
2419,0,0,1
2420,0,0,1
2421,0,0,1
2422,1,0,0
2423,0,0,1
2424,1,1,1
2425,0,0,1
2426,1,1,1
2427,1,1,1
2428,1,1,1
2429,1,1,1
2430,1,1,1
2431,1,1,1
2432,1,0,0
2433,0,0,1
2434,0,0,1
2435,0,0,1
2436,0,0,1
2437,0,0,1
2438,0,0,1
2439,0,0,1
2440,1,1,1
2441,1,1,1
2442,0,0,1
2443,1,0,0
2444,1,1,1
2445,1,1,1
2446,1,1,1
2447,0,0,1
2448,1,1,1
2449,1,1,1
2450,0,0,1
2451,0,0,1
2452,1,1,1
2453,1,1,1
2454,1,1,1
2455,0,0,1
2456,0,0,1
2457,1,1,1
2458,0,0,1
2459,0,0,1
2460,0,0,1
2461,0,0,1
2462,1,1,1
2463,0,0,1
2464,1,1,1
2465,0,0,1
2466,1,1,1
2467,0,0,1
2468,1,1,1
2469,1,0,0
2470,1,1,1
2471,0,0,1
2472,1,1,1
2473,1,1,1
2474,0,0,1
2475,0,0,1
2476,0,0,1
2477,1,1,1
2478,0,0,1
2479,0,0,1
2480,1,0,0
2481,1,1,1
2482,0,0,1
2483,1,1,1
2484,0,0,1
2485,1,1,1
2486,0,0,1
2487,1,1,1
2488,1,1,1
2489,1,1,1
2490,0,0,1
2491,0,0,1
2492,0,0,1
2493,1,1,1
2494,0,0,1
2495,1,1,1
2496,1,1,1
2497,0,0,1
2498,0,0,1
2499,1,1,1
2500,0,0,1
2501,1,1,1
2502,0,0,1
2503,0,0,1
2504,0,0,1
2505,1,1,1
2506,0,0,1
2507,1,1,1
2508,1,1,1
2509,1,1,1
2510,1,1,1
2511,0,0,1
2512,0,0,1
2513,0,0,1
2514,0,0,1
2515,0,0,1
2516,1,1,1
2517,1,1,1
2518,0,0,1
2519,1,1,1
2520,0,0,1
2521,0,0,1
2522,0,0,1
2523,1,0,0
2524,1,1,1
2525,0,0,1
2526,0,0,1
2527,1,1,1
2528,1,1,1
2529,1,0,0
2530,0,0,1
2531,1,1,1
2532,0,0,1
2533,1,1,1
2534,1,1,1
2535,0,0,1
2536,0,0,1
2537,1,1,1
2538,1,1,1
2539,0,0,1
2540,1,1,1
2541,0,0,1
2542,1,1,1
2543,0,0,1
2544,0,0,1
2545,0,0,1
2546,0,0,1
2547,1,1,1
2548,0,0,1
2549,1,1,1
2550,0,0,1
2551,1,1,1
2552,0,0,1
2553,0,0,1
2554,1,1,1
2555,1,1,1
2556,0,0,1
2557,1,1,1
2558,0,0,1
2559,1,1,1
2560,0,0,1
2561,1,1,1
2562,1,1,1
2563,1,1,1
2564,0,0,1
2565,1,1,1
2566,0,0,1
2567,1,1,1
2568,0,0,1
2569,1,1,1
2570,1,1,1
2571,0,0,1
2572,0,0,1
2573,0,0,1
2574,1,1,1
2575,0,0,1
2576,1,1,1
2577,1,1,1
2578,1,1,1
2579,1,1,1
2580,1,1,1
2581,0,0,1
2582,0,0,1
2583,1,1,1
2584,1,1,1
2585,0,0,1
2586,1,1,1
2587,1,1,1
2588,0,0,1
2589,0,0,1
2590,1,1,1
2591,0,0,1
2592,1,1,1
2593,1,1,1
2594,0,0,1
2595,1,1,1
2596,0,0,1
2597,1,0,0
2598,0,0,1
2599,1,1,1
2600,0,0,1
2601,1,1,1
2602,1,1,1
2603,1,1,1
2604,1,1,1
2605,0,0,1
2606,1,1,1
2607,1,1,1
2608,1,1,1
2609,0,0,1
2610,0,0,1
2611,0,0,1
2612,0,0,1
2613,0,0,1
2614,0,0,1
2615,1,1,1
2616,0,0,1
2617,0,0,1
2618,1,0,0
2619,1,1,1
2620,0,0,1
2621,0,0,1
2622,0,0,1
2623,0,0,1
2624,1,1,1
2625,0,0,1
2626,0,0,1
2627,0,0,1
2628,0,0,1
2629,0,0,1
2630,1,1,1
2631,0,0,1
2632,0,0,1
2633,1,0,0
2634,0,0,1
2635,0,0,1
2636,1,1,1
2637,0,0,1
2638,1,1,1
2639,0,0,1
2640,1,1,1
2641,1,1,1
2642,0,0,1
2643,1,1,1
2644,1,1,1
2645,1,1,1
2646,1,1,1
2647,1,1,1
2648,0,0,1
2649,1,1,1
2650,0,0,1
2651,1,1,1
2652,0,0,1
2653,0,0,1
2654,1,1,1
2655,1,1,1
2656,1,1,1
2657,0,0,1
2658,0,0,1
2659,1,1,1
2660,0,0,1
2661,1,1,1
2662,1,1,1
2663,0,0,1
2664,0,0,1
2665,0,0,1
2666,1,1,1
2667,0,0,1
2668,1,1,1
2669,1,1,1
2670,0,0,1
2671,0,0,1
2672,1,0,0
2673,1,0,0
2674,0,0,1
2675,0,0,1
2676,0,0,1
2677,0,0,1
2678,1,1,1
2679,0,0,1
2680,1,1,1
2681,0,0,1
2682,0,0,1
2683,0,0,1
2684,0,0,1
2685,1,1,1
2686,0,0,1
2687,1,1,1
2688,1,1,1
2689,1,1,1
2690,1,1,1
2691,1,1,1
2692,0,0,1
2693,1,1,1
2694,0,0,1
2695,1,1,1
2696,1,1,1
2697,0,0,1
2698,0,0,1
2699,0,0,1
2700,0,0,1
2701,0,0,1
2702,1,1,1
2703,0,0,1
2704,0,0,1
2705,1,0,0
2706,0,0,1
2707,0,0,1
2708,0,0,1
2709,1,0,0
2710,1,1,1
2711,1,1,1
2712,1,1,1
2713,1,1,1
2714,0,0,1
2715,0,0,1
2716,0,0,1
2717,0,0,1
2718,1,1,1
2719,1,1,1
2720,0,0,1
2721,0,0,1
2722,1,1,1
2723,1,1,1
2724,1,1,1
2725,1,1,1
2726,0,0,1
2727,0,0,1
2728,1,1,1
2729,1,1,1
2730,0,0,1
2731,0,0,1
2732,0,0,1
2733,1,0,0
2734,0,0,1
2735,1,1,1
2736,0,0,1
2737,0,0,1
2738,1,0,0
2739,0,0,1
2740,0,0,1
2741,1,1,1
2742,0,0,1
2743,0,0,1
2744,0,0,1
2745,1,1,1
2746,0,0,1
2747,1,1,1
2748,1,1,1
2749,0,0,1
2750,0,0,1
2751,1,1,1
2752,1,1,1
2753,1,1,1
2754,0,0,1
2755,1,1,1
2756,1,1,1
2757,1,0,0
2758,1,1,1
2759,0,0,1
2760,0,0,1
2761,0,0,1
2762,0,0,1
2763,0,0,1
2764,1,0,0
2765,0,0,1
2766,0,0,1
2767,0,0,1
2768,1,1,1
2769,1,1,1
2770,0,0,1
2771,0,0,1
2772,0,0,1
2773,1,1,1
2774,1,1,1
2775,1,1,1
2776,0,0,1
2777,1,1,1
2778,1,1,1
2779,0,0,1
2780,1,0,0
2781,1,1,1
2782,0,0,1
2783,1,1,1
2784,0,0,1
2785,0,0,1
2786,1,0,0
2787,0,0,1
2788,0,0,1
2789,1,1,1
2790,0,0,1
2791,1,1,1
2792,0,0,1
2793,1,1,1
2794,0,0,1
2795,0,0,1
2796,1,1,1
2797,0,0,1
2798,1,0,0
2799,0,0,1
2800,1,1,1
2801,1,1,1
2802,0,0,1
2803,1,1,1
2804,0,0,1
2805,1,1,1
2806,1,1,1
2807,0,0,1
2808,1,1,1
2809,1,1,1
2810,0,0,1
2811,0,0,1
2812,0,0,1
2813,0,0,1
2814,0,0,1
2815,1,1,1
2816,1,1,1
2817,0,0,1
2818,1,1,1
2819,0,0,1
2820,0,0,1
2821,1,1,1
2822,1,1,1
2823,1,1,1
2824,1,1,1
2825,0,0,1
2826,1,1,1
2827,1,1,1
2828,0,0,1
2829,1,1,1
2830,0,0,1
2831,0,0,1
2832,0,0,1
2833,1,1,1
2834,1,1,1
2835,1,1,1
2836,1,1,1
2837,0,0,1
2838,1,1,1
2839,1,1,1
2840,0,0,1
2841,1,1,1
2842,0,0,1
2843,0,0,1
2844,0,0,1
2845,1,1,1
2846,0,0,1
2847,1,1,1
2848,0,0,1
2849,0,0,1
2850,1,1,1
2851,0,0,1
2852,0,0,1
2853,0,0,1
2854,1,1,1
2855,1,1,1
2856,0,0,1
2857,0,0,1
2858,0,0,1
2859,1,1,1
2860,0,0,1
2861,0,0,1
2862,1,1,1
2863,1,0,0
2864,0,0,1
2865,0,0,1
2866,0,0,1
2867,1,1,1
2868,0,0,1
2869,0,0,1
2870,0,0,1
2871,1,0,0
2872,0,0,1
2873,1,0,0
2874,0,0,1
2875,0,0,1
2876,1,1,1
2877,1,0,0
2878,1,1,1
2879,1,1,1
2880,0,0,1
2881,0,0,1
2882,0,0,1
2883,1,1,1
2884,1,1,1
2885,1,0,0
2886,1,1,1
2887,1,1,1
2888,0,0,1
2889,1,1,1
2890,0,0,1
2891,1,1,1
2892,1,1,1
2893,1,0,0
2894,1,1,1
2895,0,0,1
2896,1,1,1
2897,0,0,1
2898,0,0,1
2899,0,0,1
2900,0,0,1
2901,1,1,1
2902,0,0,1
2903,1,0,0
2904,0,0,1
2905,1,1,1
2906,0,0,1
2907,0,0,1
2908,0,0,1
2909,0,0,1
2910,0,0,1
2911,1,1,1
2912,0,0,1
2913,0,0,1
2914,1,1,1
2915,1,1,1
2916,1,1,1
2917,0,0,1
2918,0,0,1
2919,1,1,1
2920,1,1,1
2921,1,1,1
2922,0,0,1
2923,0,0,1
2924,0,0,1
2925,0,0,1
2926,0,0,1
2927,1,1,1
2928,1,1,1
2929,1,0,0
2930,1,1,1
2931,0,0,1
2932,0,0,1
2933,1,1,1
2934,0,0,1
2935,1,1,1
2936,1,1,1
2937,0,0,1
2938,0,0,1
2939,0,0,1
2940,1,1,1
2941,0,0,1
2942,0,0,1
2943,1,1,1
2944,1,1,1
2945,1,1,1
2946,0,0,1
2947,1,1,1
2948,0,0,1
2949,0,0,1
2950,0,0,1
2951,0,0,1
2952,1,1,1
2953,0,0,1
2954,0,0,1
2955,1,1,1
2956,0,0,1
2957,0,0,1
2958,0,0,1
2959,0,0,1
2960,1,1,1
2961,1,1,1
2962,1,1,1
2963,0,0,1
2964,0,0,1
2965,1,1,1
2966,1,1,1
2967,0,0,1
2968,0,0,1
2969,1,0,0
2970,1,0,0
2971,1,1,1
2972,0,0,1
2973,1,1,1
2974,0,0,1
2975,1,1,1
2976,1,0,0
2977,1,0,0
2978,1,1,1
2979,1,1,1
2980,0,0,1
2981,1,1,1
2982,1,1,1
2983,1,1,1
2984,0,0,1
2985,0,0,1
2986,0,0,1
2987,0,0,1
2988,1,0,0
2989,0,0,1
2990,1,1,1
2991,1,1,1
2992,1,1,1
2993,0,0,1
2994,1,1,1
2995,1,1,1
2996,0,0,1
2997,1,1,1
2998,1,1,1
2999,1,1,1
3000,0,0,1
3001,1,1,1
3002,0,0,1
3003,0,0,1
3004,1,1,1
3005,1,1,1
3006,1,0,0
3007,1,1,1
3008,1,1,1
3009,1,1,1
3010,1,1,1
3011,1,1,1
3012,1,0,0
3013,0,0,1
3014,1,1,1
3015,0,0,1
3016,1,1,1
3017,1,1,1
3018,1,1,1
3019,0,0,1
3020,0,0,1
3021,0,0,1
3022,0,0,1
3023,0,0,1
3024,0,0,1
3025,0,0,1
3026,1,1,1
3027,1,0,0
3028,1,1,1
3029,1,0,0
3030,1,1,1
3031,1,1,1
3032,0,0,1
3033,1,1,1
3034,1,1,1
3035,1,1,1
3036,0,0,1
3037,1,1,1
3038,1,1,1
3039,0,0,1
3040,1,1,1
3041,1,1,1
3042,0,0,1
3043,0,0,1
3044,1,1,1
3045,0,0,1
3046,0,0,1
3047,0,0,1
3048,1,1,1
3049,1,1,1
3050,1,1,1
3051,0,0,1
3052,1,1,1
3053,1,1,1
3054,1,1,1
3055,0,0,1
3056,1,1,1
3057,1,1,1
3058,1,1,1
3059,0,0,1
3060,1,1,1
3061,0,0,1
3062,0,0,1
3063,0,0,1
3064,0,0,1
3065,1,1,1
3066,0,0,1
3067,0,0,1
3068,0,0,1
3069,1,1,1
3070,1,1,1
3071,0,0,1
3072,0,0,1
3073,1,1,1
3074,1,1,1
3075,0,0,1
3076,1,0,0
3077,1,1,1
3078,0,0,1
3079,0,0,1
3080,0,0,1
3081,0,0,1
3082,1,1,1
3083,1,1,1
3084,1,1,1
3085,1,1,1
3086,0,0,1
3087,0,0,1
3088,1,1,1
3089,0,0,1
3090,1,1,1
3091,1,0,0
3092,0,0,1
3093,1,1,1
3094,1,1,1
3095,1,1,1
3096,1,1,1
3097,1,1,1
3098,1,1,1
3099,0,0,1
3100,0,0,1
3101,0,0,1
3102,1,1,1
3103,1,1,1
3104,0,0,1
3105,1,1,1
3106,1,1,1
3107,1,1,1
3108,1,1,1
3109,0,0,1
3110,0,0,1
3111,1,1,1
3112,0,0,1
3113,0,0,1
3114,1,1,1
3115,0,0,1
3116,0,0,1
3117,1,1,1
3118,1,1,1
3119,0,0,1
3120,0,0,1
3121,0,0,1
3122,0,0,1
3123,1,1,1
3124,1,1,1
3125,1,1,1
3126,0,0,1
3127,1,1,1
3128,0,0,1
3129,1,1,1
3130,1,1,1
3131,1,1,1
3132,0,0,1
3133,1,1,1
3134,0,0,1
3135,1,1,1
3136,1,1,1
3137,1,0,0
3138,1,1,1
3139,1,1,1
3140,0,0,1
3141,1,1,1
3142,0,0,1
3143,0,0,1
3144,0,0,1
3145,1,1,1
3146,1,1,1
3147,1,1,1
3148,1,1,1
3149,0,0,1
3150,1,1,1
3151,0,0,1
3152,1,1,1
3153,1,1,1
3154,0,0,1
3155,1,1,1
3156,1,1,1
3157,1,1,1
3158,1,0,0
3159,1,1,1
3160,0,0,1
3161,1,1,1
3162,1,1,1
3163,0,0,1
3164,0,0,1
3165,1,1,1
3166,0,0,1
3167,0,0,1
3168,0,0,1
3169,1,0,0
3170,0,0,1
3171,0,0,1
3172,1,1,1
3173,1,1,1
3174,1,1,1
3175,1,0,0
3176,1,1,1
3177,0,0,1
3178,1,1,1
3179,1,1,1
3180,0,0,1
3181,0,0,1
3182,1,1,1
3183,1,1,1
3184,0,0,1
3185,0,0,1
3186,1,1,1
3187,0,0,1
3188,0,0,1
3189,1,1,1
3190,1,1,1
3191,1,1,1
3192,1,1,1
3193,0,0,1
3194,0,0,1
3195,0,0,1
3196,0,0,1
3197,0,0,1
3198,0,0,1
3199,1,1,1
3200,0,0,1
3201,1,1,1
3202,1,1,1
3203,0,0,1
3204,0,0,1
3205,1,1,1
3206,1,1,1
3207,0,0,1
3208,0,0,1
3209,1,1,1
3210,1,1,1
3211,0,0,1
3212,0,0,1
3213,1,1,1
3214,1,1,1
3215,0,0,1
3216,1,1,1
3217,0,0,1
3218,1,1,1
3219,1,1,1
3220,1,1,1
3221,1,1,1
3222,1,1,1
3223,1,1,1
3224,1,1,1
3225,0,0,1
3226,0,0,1
3227,0,0,1
3228,1,0,0
3229,0,0,1
3230,0,0,1
3231,1,1,1
3232,0,0,1
3233,0,0,1
3234,0,0,1
3235,0,0,1
3236,1,1,1
3237,0,0,1
3238,0,0,1
3239,0,0,1
3240,1,1,1
3241,1,1,1
3242,0,0,1
3243,0,0,1
3244,1,1,1
3245,1,1,1
3246,0,0,1
3247,0,0,1
3248,1,1,1
3249,0,0,1
3250,0,0,1
3251,0,0,1
3252,0,0,1
3253,0,0,1
3254,1,1,1
3255,1,1,1
3256,1,1,1
3257,0,0,1
3258,1,1,1
3259,1,1,1
3260,0,0,1
3261,1,1,1
3262,0,0,1
3263,1,1,1
3264,0,0,1
3265,0,0,1
3266,1,1,1
3267,0,0,1
3268,1,1,1
3269,1,1,1
3270,0,0,1
3271,1,1,1
3272,1,1,1
3273,0,0,1
3274,0,0,1
3275,1,1,1
3276,1,1,1
3277,1,1,1
3278,0,0,1
3279,0,0,1
3280,0,0,1
3281,0,0,1
3282,1,1,1
3283,0,0,1
3284,0,0,1
3285,1,0,0
3286,1,1,1
3287,1,1,1
3288,0,0,1
3289,0,0,1
3290,0,0,1
3291,1,1,1
3292,1,1,1
3293,0,0,1
3294,1,1,1
3295,1,1,1
3296,1,1,1
3297,0,0,1
3298,0,0,1
3299,0,0,1
3300,1,1,1
3301,0,0,1
3302,1,1,1
3303,1,0,0
3304,1,1,1
3305,1,1,1
3306,0,0,1
3307,0,0,1
3308,0,0,1
3309,1,1,1
3310,1,1,1
3311,1,1,1
3312,0,0,1
3313,1,0,0
3314,1,1,1
3315,0,0,1
3316,0,0,1
3317,0,0,1
3318,0,0,1
3319,0,0,1
3320,0,0,1
3321,0,0,1
3322,0,0,1
3323,0,0,1
3324,0,0,1
3325,0,0,1
3326,0,0,1
3327,1,1,1
3328,0,0,1
3329,0,0,1
3330,1,1,1
3331,0,0,1
3332,1,1,1
3333,0,0,1
3334,0,0,1
3335,1,1,1
3336,1,1,1
3337,0,0,1
3338,0,0,1
3339,1,1,1
3340,1,1,1
3341,0,0,1
3342,1,1,1
3343,0,0,1
3344,1,1,1
3345,1,1,1
3346,1,1,1
3347,0,0,1
3348,0,0,1
3349,0,0,1
3350,0,0,1
3351,1,1,1
3352,1,0,0
3353,0,0,1
3354,1,1,1
3355,0,0,1
3356,1,1,1
3357,1,1,1
3358,1,1,1
3359,1,1,1
3360,0,0,1
3361,1,1,1
3362,0,0,1
3363,1,1,1
3364,1,1,1
3365,0,0,1
3366,1,1,1
3367,1,1,1
3368,1,1,1
3369,1,1,1
3370,1,1,1
3371,0,0,1
3372,0,0,1
3373,1,1,1
3374,1,1,1
3375,0,0,1
3376,1,1,1
3377,1,1,1
3378,1,1,1
3379,1,0,0
3380,1,0,0
3381,1,1,1
3382,0,0,1
3383,0,0,1
3384,0,0,1
3385,0,0,1
3386,0,0,1
3387,1,1,1
3388,0,0,1
3389,0,0,1
3390,1,1,1
3391,1,1,1
3392,1,1,1
3393,0,0,1
3394,0,0,1
3395,1,1,1
3396,1,1,1
3397,0,0,1
3398,1,1,1
3399,1,1,1
3400,0,0,1
3401,0,0,1
3402,0,0,1
3403,1,1,1
3404,0,0,1
3405,0,0,1
3406,1,1,1
3407,0,0,1
3408,0,0,1
3409,1,1,1
3410,0,0,1
3411,0,0,1
3412,1,1,1
3413,1,1,1
3414,0,0,1
3415,1,1,1
3416,1,0,0
3417,0,0,1
3418,0,0,1
3419,0,0,1
3420,1,0,0
3421,1,1,1
3422,1,0,0
3423,0,0,1
3424,1,1,1
3425,1,1,1
3426,0,0,1
3427,0,0,1
3428,1,1,1
3429,0,0,1
3430,0,0,1
3431,0,0,1
3432,1,1,1
3433,0,0,1
3434,1,1,1
3435,1,1,1
3436,1,1,1
3437,0,0,1
3438,1,1,1
3439,1,1,1
3440,1,1,1
3441,1,1,1
3442,0,0,1
3443,1,1,1
3444,1,1,1
3445,0,0,1
3446,0,0,1
3447,0,0,1
3448,0,0,1
3449,0,0,1
3450,0,0,1
3451,0,0,1
3452,0,0,1
3453,0,0,1
3454,1,1,1
3455,0,0,1
3456,1,1,1
3457,0,0,1
3458,0,0,1
3459,0,0,1
3460,1,1,1
3461,0,0,1
3462,1,1,1
3463,0,0,1
3464,1,1,1
3465,1,0,0
3466,1,1,1
3467,1,1,1
3468,0,0,1
3469,1,1,1
3470,0,0,1
3471,0,0,1
3472,1,1,1
3473,1,1,1
3474,1,1,1
3475,0,0,1
3476,1,1,1
3477,0,0,1
3478,1,1,1
3479,1,1,1
3480,1,1,1
3481,0,0,1
3482,1,1,1
3483,0,0,1
3484,1,1,1
3485,1,0,0
3486,0,0,1
3487,0,0,1
3488,0,0,1
3489,0,0,1
3490,1,1,1
3491,0,0,1
3492,1,1,1
3493,1,1,1
3494,1,1,1
3495,0,0,1
3496,1,1,1
3497,0,0,1
3498,1,1,1
3499,1,1,1
3500,1,1,1
3501,1,0,0
3502,1,1,1
3503,0,0,1
3504,0,0,1
3505,0,0,1
3506,1,1,1
3507,1,1,1
3508,1,1,1
3509,0,0,1
3510,0,0,1
3511,1,1,1
3512,0,0,1
3513,1,1,1
3514,1,1,1
3515,0,0,1
3516,1,1,1
3517,0,0,1
3518,1,1,1
3519,0,0,1
3520,1,1,1
3521,1,1,1
3522,1,1,1
3523,1,1,1
3524,1,0,0
3525,1,1,1
3526,0,0,1
3527,1,0,0
3528,1,1,1
3529,1,1,1
3530,0,0,1
3531,0,0,1
3532,1,1,1
3533,1,1,1
3534,1,1,1
3535,0,0,1
3536,1,1,1
3537,1,1,1
3538,1,1,1
3539,1,1,1
3540,1,1,1
3541,0,0,1
3542,0,0,1
3543,1,1,1
3544,0,0,1
3545,0,0,1
3546,0,0,1
3547,1,0,0
3548,0,0,1
3549,1,1,1
3550,1,1,1
3551,1,1,1
3552,1,1,1
3553,0,0,1
3554,0,0,1
3555,0,0,1
3556,1,1,1
3557,0,0,1
3558,1,1,1
3559,1,1,1
3560,1,1,1
3561,0,0,1
3562,0,0,1
3563,0,0,1
3564,0,0,1
3565,0,0,1
3566,1,1,1
3567,0,0,1
3568,1,1,1
3569,1,1,1
3570,0,0,1
3571,0,0,1
3572,0,0,1
3573,1,1,1
3574,0,0,1
3575,0,0,1
3576,0,0,1
3577,1,1,1
3578,0,0,1
3579,1,1,1
3580,1,1,1
3581,1,0,0
3582,0,0,1
3583,0,0,1
3584,1,0,0
3585,1,1,1
3586,1,1,1
3587,0,0,1
3588,0,0,1
3589,0,0,1
3590,0,0,1
3591,1,1,1
3592,0,0,1
3593,1,1,1
3594,0,0,1
3595,1,1,1
3596,1,1,1
3597,0,0,1
3598,1,1,1
3599,0,0,1
3600,1,1,1
3601,1,1,1
3602,1,1,1
3603,0,0,1
3604,0,0,1
3605,0,0,1
3606,1,1,1
3607,0,0,1
3608,1,1,1
3609,1,1,1
3610,0,0,1
3611,0,0,1
3612,1,1,1
3613,1,1,1
3614,0,0,1
3615,0,0,1
3616,0,0,1
3617,0,0,1
3618,1,1,1
3619,0,0,1
3620,1,1,1
3621,0,0,1
3622,0,0,1
3623,0,0,1
3624,0,0,1
3625,0,0,1
3626,0,0,1
3627,0,0,1
3628,0,0,1
3629,1,1,1
3630,0,0,1
3631,0,0,1
3632,0,0,1
3633,1,1,1
3634,0,0,1
3635,0,0,1
3636,1,1,1
3637,1,1,1
3638,1,1,1
3639,1,1,1
3640,1,0,0
3641,0,0,1
3642,1,0,0
3643,1,0,0
3644,1,1,1
3645,1,1,1
3646,1,1,1
3647,0,0,1
3648,0,0,1
3649,1,1,1
3650,1,1,1
3651,0,0,1
3652,0,0,1
3653,1,1,1
3654,1,1,1
3655,1,1,1
3656,0,0,1
3657,1,1,1
3658,0,0,1
3659,1,1,1
3660,0,0,1
3661,1,1,1
3662,1,1,1
3663,0,0,1
3664,0,0,1
3665,1,1,1
3666,0,0,1
3667,0,0,1
3668,0,0,1
3669,0,0,1
3670,0,0,1
3671,0,0,1
3672,1,0,0
3673,0,0,1
3674,0,0,1
3675,1,1,1
3676,0,0,1
3677,0,0,1
3678,1,0,0
3679,1,1,1
3680,0,0,1
3681,0,0,1
3682,1,1,1
3683,0,0,1
3684,0,0,1
3685,1,1,1
3686,0,0,1
3687,1,1,1
3688,1,1,1
3689,0,0,1
3690,1,1,1
3691,1,1,1
3692,0,0,1
3693,1,1,1
3694,0,0,1
3695,0,0,1
3696,0,0,1
3697,1,1,1
3698,1,1,1
3699,1,1,1
3700,0,0,1
3701,1,1,1
3702,0,0,1
3703,0,0,1
3704,0,0,1
3705,0,0,1
3706,0,0,1
3707,0,0,1
3708,1,1,1
3709,1,1,1
3710,0,0,1
3711,1,0,0
3712,1,1,1
3713,0,0,1
3714,0,0,1
3715,0,0,1
3716,0,0,1
3717,0,0,1
3718,1,0,0
3719,0,0,1
3720,0,0,1
3721,1,1,1
3722,0,0,1
3723,0,0,1
3724,1,1,1
3725,1,1,1
3726,1,1,1
3727,0,0,1
3728,1,1,1
3729,1,0,0
3730,0,0,1
3731,1,1,1
3732,0,0,1
3733,1,1,1
3734,1,1,1
3735,0,0,1
3736,0,0,1
3737,1,0,0
3738,0,0,1
3739,1,1,1
3740,0,0,1
3741,0,0,1
3742,0,0,1
3743,1,0,0
3744,1,1,1
3745,0,0,1
3746,0,0,1
3747,1,1,1
3748,0,0,1
3749,1,1,1
3750,1,1,1
3751,1,1,1
3752,0,0,1
3753,1,1,1
3754,1,1,1
3755,0,0,1
3756,1,0,0
3757,0,0,1
3758,1,1,1
3759,0,0,1
3760,0,0,1
3761,1,1,1
3762,0,0,1
3763,0,0,1
3764,1,1,1
3765,0,0,1
3766,1,1,1
3767,1,1,1
3768,0,0,1
3769,1,1,1
3770,0,0,1
3771,1,1,1
3772,1,1,1
3773,1,1,1
3774,1,1,1
3775,0,0,1
3776,0,0,1
3777,1,1,1
3778,0,0,1
3779,1,1,1
3780,1,1,1
3781,0,0,1
3782,0,0,1
3783,1,0,0
3784,0,0,1
3785,0,0,1
3786,0,0,1
3787,0,0,1
3788,1,1,1
3789,1,1,1
3790,1,1,1
3791,1,1,1
3792,0,0,1
3793,0,0,1
3794,1,1,1
3795,0,0,1
3796,0,0,1
3797,0,0,1
3798,1,1,1
3799,1,1,1
3800,0,0,1
3801,1,1,1
3802,0,0,1
3803,0,0,1
3804,0,0,1
3805,1,1,1
3806,1,1,1
3807,1,1,1
3808,1,1,1
3809,1,1,1
3810,1,1,1
3811,1,1,1
3812,0,0,1
3813,1,1,1
3814,0,0,1
3815,1,0,0
3816,1,0,0
3817,0,0,1
3818,1,1,1
3819,1,1,1
3820,1,0,0
3821,0,0,1
3822,0,0,1
3823,1,1,1
3824,0,0,1
3825,0,0,1
3826,0,0,1
3827,0,0,1
3828,1,1,1
3829,1,1,1
3830,1,1,1
3831,1,1,1
3832,0,0,1
3833,0,0,1
3834,1,1,1
3835,1,0,0
3836,0,0,1
3837,0,0,1
3838,0,0,1
3839,0,0,1
3840,1,0,0
3841,0,0,1
3842,0,0,1
3843,0,0,1
3844,1,1,1
3845,1,1,1
3846,0,0,1
3847,1,1,1
3848,0,0,1
3849,1,1,1
3850,0,0,1
3851,1,1,1
3852,0,0,1
3853,1,1,1
3854,1,1,1
3855,0,0,1
3856,0,0,1
3857,1,0,0
3858,1,1,1
3859,0,0,1
3860,0,0,1
3861,1,1,1
3862,0,0,1
3863,0,0,1
3864,0,0,1
3865,0,0,1
3866,0,0,1
3867,1,1,1
3868,0,0,1
3869,1,1,1
3870,1,1,1
3871,0,0,1
3872,1,1,1
3873,0,0,1
3874,0,0,1
3875,1,1,1
3876,0,0,1
3877,1,1,1
3878,1,1,1
3879,1,1,1
3880,1,1,1
3881,1,1,1
3882,0,0,1
3883,0,0,1
3884,1,1,1
3885,0,0,1
3886,0,0,1
3887,0,0,1
3888,0,0,1
3889,1,1,1
3890,0,0,1
3891,1,1,1
3892,0,0,1
3893,1,1,1
3894,1,0,0
3895,1,1,1
3896,1,1,1
3897,1,0,0
3898,0,0,1
3899,1,1,1
3900,1,1,1
3901,0,0,1
3902,1,0,0
3903,0,0,1
3904,1,0,0
3905,1,1,1
3906,1,1,1
3907,0,0,1
3908,1,1,1
3909,0,0,1
3910,1,1,1
3911,1,1,1
3912,1,1,1
3913,0,0,1
3914,0,0,1
3915,1,0,0
3916,1,1,1
3917,0,0,1
3918,1,1,1
3919,1,1,1
3920,1,1,1
3921,1,1,1
3922,1,1,1
3923,1,1,1
3924,0,0,1
3925,0,0,1
3926,0,0,1
3927,0,0,1
3928,0,0,1
3929,1,0,0
3930,0,0,1
3931,0,0,1
3932,1,1,1
3933,0,0,1
3934,1,1,1
3935,0,0,1
3936,1,1,1
3937,1,1,1
3938,1,1,1
3939,0,0,1
3940,1,1,1
3941,0,0,1
3942,0,0,1
3943,1,1,1
3944,1,1,1
3945,1,0,0
3946,1,1,1
3947,0,0,1
3948,1,1,1
3949,0,0,1
3950,0,0,1
3951,0,0,1
3952,1,1,1
3953,1,1,1
3954,1,1,1
3955,1,1,1
3956,0,0,1
3957,1,1,1
3958,0,0,1
3959,0,0,1
3960,1,1,1
3961,1,0,0
3962,1,1,1
3963,1,1,1
3964,1,1,1
3965,1,1,1
3966,0,0,1
3967,0,0,1
3968,1,1,1
3969,0,0,1
3970,1,1,1
3971,1,1,1
3972,1,1,1
3973,0,0,1
3974,0,0,1
3975,1,1,1
3976,1,1,1
3977,0,0,1
3978,1,1,1
3979,0,0,1
3980,0,0,1
3981,1,1,1
3982,0,0,1
3983,1,1,1
3984,1,1,1
3985,1,1,1
3986,0,0,1
3987,1,1,1
3988,0,0,1
3989,0,0,1
3990,0,0,1
3991,1,1,1
3992,0,0,1
3993,0,0,1
3994,1,1,1
3995,1,1,1
3996,0,0,1
3997,0,0,1
3998,0,0,1
3999,0,0,1
4000,1,0,0
4001,1,1,1
4002,0,0,1
4003,1,1,1
4004,1,1,1
4005,1,1,1
4006,0,0,1
4007,1,1,1
4008,0,0,1
4009,1,1,1
4010,0,0,1
4011,0,0,1
4012,0,0,1
4013,0,0,1
4014,0,0,1
4015,1,1,1
4016,1,1,1
4017,0,0,1
4018,1,1,1
4019,1,1,1
4020,0,0,1
4021,1,1,1
4022,0,0,1
4023,0,0,1
4024,0,0,1
4025,0,0,1
4026,0,0,1
4027,0,0,1
4028,1,1,1
4029,0,0,1
4030,0,0,1
4031,0,0,1
4032,0,0,1
4033,0,0,1
4034,0,0,1
4035,1,1,1
4036,1,1,1
4037,0,0,1
4038,0,0,1
4039,1,1,1
4040,0,0,1
4041,0,0,1
4042,1,1,1
4043,0,0,1
4044,0,0,1
4045,0,0,1
4046,0,0,1
4047,0,0,1
4048,0,0,1
4049,0,0,1
4050,1,1,1
4051,0,0,1
4052,0,0,1
4053,0,0,1
4054,1,1,1
4055,0,0,1
4056,0,0,1
4057,1,1,1
4058,0,0,1
4059,1,0,0
4060,0,0,1
4061,1,1,1
4062,1,0,0
4063,1,1,1
4064,0,0,1
4065,0,0,1
4066,1,1,1
4067,0,0,1
4068,1,1,1
4069,1,1,1
4070,1,0,0
4071,1,1,1
4072,1,1,1
4073,0,0,1
4074,0,0,1
4075,1,1,1
4076,1,1,1
4077,1,0,0
4078,0,0,1
4079,0,0,1
4080,0,0,1
4081,0,0,1
4082,1,1,1
4083,1,1,1
4084,1,1,1
4085,0,0,1
4086,0,0,1
4087,1,1,1
4088,1,1,1
4089,1,1,1
4090,0,0,1
4091,0,0,1
4092,1,1,1
4093,1,1,1
4094,1,1,1
4095,0,0,1
4096,1,1,1
4097,1,1,1
4098,0,0,1
4099,0,0,1
4100,1,1,1
4101,0,0,1
4102,0,0,1
4103,0,0,1
4104,1,1,1
4105,0,0,1
4106,0,0,1
4107,0,0,1
4108,1,1,1
4109,1,1,1
4110,0,0,1
4111,0,0,1
4112,0,0,1
4113,1,1,1
4114,1,1,1
4115,1,1,1
4116,1,1,1
4117,1,1,1
4118,0,0,1
4119,0,0,1
4120,1,1,1
4121,1,1,1
4122,0,0,1
4123,1,1,1
4124,0,0,1
4125,0,0,1
4126,0,0,1
4127,0,0,1
4128,1,0,0
4129,1,0,0
4130,0,0,1
4131,0,0,1
4132,1,1,1
4133,0,0,1
4134,1,1,1
4135,1,0,0
4136,0,0,1
4137,0,0,1
4138,0,0,1
4139,0,0,1
4140,1,1,1
4141,0,0,1
4142,1,1,1
4143,1,1,1
4144,1,1,1
4145,1,0,0
4146,1,1,1
4147,0,0,1
4148,1,1,1
4149,1,0,0
4150,0,0,1
4151,0,0,1
4152,1,1,1
4153,0,0,1
4154,1,1,1
4155,0,0,1
4156,0,0,1
4157,1,1,1
4158,1,1,1
4159,1,1,1
4160,1,1,1
4161,1,0,0
4162,1,1,1
4163,1,0,0
4164,1,1,1
4165,0,0,1
4166,0,0,1
4167,1,1,1
4168,0,0,1
4169,0,0,1
4170,1,1,1
4171,1,0,0
4172,1,1,1
4173,0,0,1
4174,1,0,0
4175,1,1,1
4176,0,0,1
4177,1,1,1
4178,0,0,1
4179,1,1,1
4180,0,0,1
4181,0,0,1
4182,1,1,1
4183,1,1,1
4184,0,0,1
4185,1,0,0
4186,1,0,0
4187,1,1,1
4188,0,0,1
4189,1,1,1
4190,0,0,1
4191,1,1,1
4192,1,1,1
4193,1,1,1
4194,1,1,1
4195,1,1,1
4196,0,0,1
4197,0,0,1
4198,0,0,1
4199,1,1,1
4200,0,0,1
4201,1,1,1
4202,0,0,1
4203,0,0,1
4204,1,1,1
4205,0,0,1
4206,0,0,1
4207,0,0,1
4208,1,1,1
4209,0,0,1
4210,1,1,1
4211,0,0,1
4212,1,1,1
4213,0,0,1
4214,1,1,1
4215,0,0,1
4216,1,1,1
4217,0,0,1
4218,1,0,0
4219,1,1,1
4220,0,0,1
4221,0,0,1
4222,0,0,1
4223,0,0,1
4224,1,1,1
4225,1,1,1
4226,0,0,1
4227,1,1,1
4228,0,0,1
4229,1,1,1
4230,1,1,1
4231,0,0,1
4232,1,1,1
4233,1,1,1
4234,0,0,1
4235,1,0,0
4236,1,1,1
4237,1,1,1
4238,0,0,1
4239,1,1,1
4240,1,1,1
4241,0,0,1
4242,1,1,1
4243,0,0,1
4244,0,0,1
4245,1,1,1
4246,1,1,1
4247,0,0,1
4248,1,1,1
4249,0,0,1
4250,1,1,1
4251,1,1,1
4252,1,1,1
4253,1,1,1
4254,0,0,1
4255,0,0,1
4256,1,1,1
4257,1,0,0
4258,1,1,1
4259,1,1,1
4260,0,0,1
4261,0,0,1
4262,0,0,1
4263,1,1,1
4264,0,0,1
4265,0,0,1
4266,1,1,1
4267,1,1,1
4268,1,1,1
4269,1,1,1
4270,1,1,1
4271,1,1,1
4272,1,1,1
4273,1,1,1
4274,1,1,1
4275,0,0,1
4276,0,0,1
4277,0,0,1
4278,0,0,1
4279,1,1,1
4280,0,0,1
4281,0,0,1
4282,0,0,1
4283,1,1,1
4284,1,1,1
4285,1,1,1
4286,0,0,1
4287,0,0,1
4288,1,1,1
4289,0,0,1
4290,0,0,1
4291,0,0,1
4292,0,0,1
4293,1,1,1
4294,1,1,1
4295,0,0,1
4296,0,0,1
4297,0,0,1
4298,1,1,1
4299,0,0,1
4300,1,1,1
4301,0,0,1
4302,1,1,1
4303,1,0,0
4304,1,1,1
4305,0,0,1
4306,1,1,1
4307,0,0,1
4308,1,1,1
4309,1,1,1
4310,1,1,1
4311,1,1,1
4312,0,0,1
4313,0,0,1
4314,1,1,1
4315,1,1,1
4316,0,0,1
4317,1,1,1
4318,1,1,1
4319,0,0,1
4320,1,0,0
4321,1,1,1
4322,0,0,1
4323,1,1,1
4324,1,1,1
4325,1,0,0
4326,1,1,1
4327,0,0,1
4328,1,1,1
4329,1,1,1
4330,0,0,1
4331,0,0,1
4332,1,1,1
4333,1,1,1
4334,0,0,1
4335,0,0,1
4336,1,1,1
4337,1,0,0
4338,0,0,1
4339,0,0,1
4340,0,0,1
4341,1,1,1
4342,1,0,0
4343,1,1,1
4344,0,0,1
4345,1,1,1
4346,0,0,1
4347,1,1,1
4348,0,0,1
4349,0,0,1
4350,0,0,1
4351,1,1,1
4352,1,1,1
4353,1,1,1
4354,0,0,1
4355,0,0,1
4356,0,0,1
4357,1,1,1
4358,0,0,1
4359,0,0,1
4360,1,1,1
4361,1,0,0
4362,1,1,1
4363,1,1,1
4364,0,0,1
4365,0,0,1
4366,0,0,1
4367,1,1,1
4368,0,0,1
4369,0,0,1
4370,0,0,1
4371,1,1,1
4372,1,1,1
4373,0,0,1
4374,1,1,1
4375,1,1,1
4376,0,0,1
4377,0,0,1
4378,0,0,1
4379,1,1,1
4380,0,0,1
4381,1,0,0
4382,0,0,1
4383,0,0,1
4384,0,0,1
4385,1,1,1
4386,0,0,1
4387,1,1,1
4388,0,0,1
4389,1,1,1
4390,1,1,1
4391,0,0,1
4392,1,1,1
4393,1,1,1
4394,0,0,1
4395,1,1,1
4396,1,1,1
4397,0,0,1
4398,0,0,1
4399,0,0,1
4400,0,0,1
4401,0,0,1
4402,1,1,1
4403,0,0,1
4404,0,0,1
4405,0,0,1
4406,0,0,1
4407,1,1,1
4408,1,1,1
4409,1,1,1
4410,1,1,1
4411,1,1,1
4412,0,0,1
4413,0,0,1
4414,1,1,1
4415,1,1,1
4416,1,1,1
4417,0,0,1
4418,0,0,1
4419,0,0,1
4420,1,1,1
4421,1,1,1
4422,1,1,1
4423,1,0,0
4424,0,0,1
4425,1,0,0
4426,0,0,1
4427,0,0,1
4428,1,1,1
4429,0,0,1
4430,1,1,1
4431,1,1,1
4432,1,1,1
4433,0,0,1
4434,1,1,1
4435,0,0,1
4436,0,0,1
4437,1,1,1
4438,0,0,1
4439,1,1,1
4440,0,0,1
4441,1,1,1
4442,1,1,1
4443,0,0,1
4444,1,1,1
4445,0,0,1
4446,0,0,1
4447,1,1,1
4448,1,1,1
4449,1,1,1
4450,1,1,1
4451,1,1,1
4452,0,0,1
4453,1,1,1
4454,1,1,1
4455,1,1,1
4456,1,1,1
4457,0,0,1
4458,1,1,1
4459,1,0,0
4460,1,1,1
4461,1,1,1
4462,1,1,1
4463,1,1,1
4464,0,0,1
4465,0,0,1
4466,0,0,1
4467,1,1,1
4468,1,1,1
4469,0,0,1
4470,1,0,0
4471,0,0,1
4472,0,0,1
4473,0,0,1
4474,0,0,1
4475,0,0,1
4476,1,1,1
4477,1,1,1
4478,0,0,1
4479,0,0,1
4480,1,1,1
4481,1,1,1
4482,0,0,1
4483,1,1,1
4484,0,0,1
4485,0,0,1
4486,0,0,1
4487,1,1,1
4488,0,0,1
4489,0,0,1
4490,0,0,1
4491,1,0,0
4492,1,1,1
4493,0,0,1
4494,0,0,1
4495,1,1,1
4496,1,1,1
4497,0,0,1
4498,0,0,1
4499,0,0,1
4500,0,0,1
4501,0,0,1
4502,1,0,0
4503,1,1,1
4504,1,1,1
4505,1,1,1
4506,1,1,1
4507,1,1,1
4508,1,1,1
4509,0,0,1
4510,0,0,1
4511,1,1,1
4512,1,1,1
4513,0,0,1
4514,1,1,1
4515,1,1,1
4516,1,1,1
4517,0,0,1
4518,1,1,1
4519,1,1,1
4520,1,1,1
4521,0,0,1
4522,0,0,1
4523,1,1,1
4524,0,0,1
4525,0,0,1
4526,1,0,0
4527,1,1,1
4528,1,1,1
4529,0,0,1
4530,0,0,1
4531,1,0,0
4532,0,0,1
4533,1,1,1
4534,1,1,1
4535,1,1,1
4536,1,1,1
4537,1,1,1
4538,1,1,1
4539,1,1,1
4540,1,1,1
4541,0,0,1
4542,1,1,1
4543,1,1,1
4544,1,1,1
4545,1,1,1
4546,1,1,1
4547,1,1,1
4548,1,1,1
4549,1,1,1
4550,1,1,1
4551,1,1,1
4552,0,0,1
4553,1,1,1
4554,1,0,0
4555,1,1,1
4556,0,0,1
4557,1,1,1
4558,0,0,1
4559,1,1,1
4560,1,1,1
4561,0,0,1
4562,1,1,1
4563,0,0,1
4564,0,0,1
4565,0,0,1
4566,0,0,1
4567,1,1,1
4568,0,0,1
4569,0,0,1
4570,1,1,1
4571,1,1,1
4572,1,1,1
4573,1,0,0
4574,1,1,1
4575,0,0,1
4576,1,1,1
4577,0,0,1
4578,0,0,1
4579,1,1,1
4580,1,1,1
4581,0,0,1
4582,1,1,1
4583,0,0,1
4584,0,0,1
4585,0,0,1
4586,1,1,1
4587,0,0,1
4588,1,1,1
4589,0,0,1
4590,1,1,1
4591,1,1,1
4592,0,0,1
4593,1,1,1
4594,1,1,1
4595,1,1,1
4596,1,1,1
4597,1,1,1
4598,1,1,1
4599,0,0,1
4600,1,1,1
4601,1,1,1
4602,0,0,1
4603,0,0,1
4604,1,1,1
4605,0,0,1
4606,1,1,1
4607,0,0,1
4608,1,0,0
4609,0,0,1
4610,1,1,1
4611,1,1,1
4612,0,0,1
4613,0,0,1
4614,1,1,1
4615,0,0,1
4616,1,1,1
4617,1,1,1
4618,0,0,1
4619,0,0,1
4620,0,0,1
4621,1,1,1
4622,1,1,1
4623,0,0,1
4624,0,0,1
4625,0,0,1
4626,1,1,1
4627,1,1,1
4628,0,0,1
4629,1,1,1
4630,1,0,0
4631,1,1,1
4632,1,1,1
4633,1,1,1
4634,0,0,1
4635,1,1,1
4636,0,0,1
4637,0,0,1
4638,0,0,1
4639,1,1,1
4640,1,1,1
4641,0,0,1
4642,1,0,0
4643,1,1,1
4644,1,1,1
4645,1,1,1
4646,0,0,1
4647,0,0,1
4648,0,0,1
4649,0,0,1
4650,1,1,1
4651,1,0,0
4652,1,1,1
4653,0,0,1
4654,1,1,1
4655,0,0,1
4656,0,0,1
4657,0,0,1
4658,0,0,1
4659,1,1,1
4660,1,1,1
4661,1,0,0
4662,1,1,1
4663,0,0,1
4664,1,1,1
4665,0,0,1
4666,1,1,1
4667,0,0,1
4668,0,0,1
4669,1,0,0
4670,0,0,1
4671,0,0,1
4672,1,0,0
4673,0,0,1
4674,1,1,1
4675,0,0,1
4676,0,0,1
4677,1,0,0
4678,1,1,1
4679,0,0,1
4680,1,1,1
4681,0,0,1
4682,1,0,0
4683,0,0,1
4684,1,0,0
4685,0,0,1
4686,1,1,1
4687,0,0,1
4688,0,0,1
4689,0,0,1
4690,0,0,1
4691,1,1,1
4692,1,1,1
4693,0,0,1
4694,0,0,1
4695,1,1,1
4696,0,0,1
4697,1,1,1
4698,0,0,1
4699,1,1,1
4700,0,0,1
4701,0,0,1
4702,0,0,1
4703,1,1,1
4704,1,1,1
4705,0,0,1
4706,1,1,1
4707,0,0,1
4708,0,0,1
4709,1,0,0
4710,1,1,1
4711,1,1,1
4712,1,1,1
4713,1,1,1
4714,1,1,1
4715,1,1,1
4716,1,0,0
4717,1,1,1
4718,1,0,0
4719,1,1,1
4720,0,0,1
4721,1,1,1
4722,1,1,1
4723,0,0,1
4724,0,0,1
4725,0,0,1
4726,0,0,1
4727,0,0,1
4728,0,0,1
4729,1,1,1
4730,0,0,1
4731,1,1,1
4732,1,1,1
4733,0,0,1
4734,0,0,1
4735,1,1,1
4736,0,0,1
4737,1,1,1
4738,0,0,1
4739,1,1,1
4740,1,1,1
4741,0,0,1
4742,1,1,1
4743,0,0,1
4744,0,0,1
4745,0,0,1
4746,1,1,1
4747,1,1,1
4748,0,0,1
4749,0,0,1
4750,0,0,1
4751,1,1,1
4752,1,1,1
4753,0,0,1
4754,1,1,1
4755,1,1,1
4756,1,1,1
4757,0,0,1
4758,0,0,1
4759,1,1,1
4760,1,1,1
4761,1,1,1
4762,0,0,1
4763,1,1,1
4764,0,0,1
4765,1,1,1
4766,1,1,1
4767,0,0,1
4768,0,0,1
4769,1,1,1
4770,0,0,1
4771,0,0,1
4772,1,1,1
4773,1,0,0
4774,0,0,1
4775,1,1,1
4776,0,0,1
4777,1,1,1
4778,1,1,1
4779,0,0,1
4780,1,1,1
4781,1,1,1
4782,0,0,1
4783,1,1,1
4784,0,0,1
4785,1,1,1
4786,1,1,1
4787,1,1,1
4788,0,0,1
4789,1,0,0
4790,0,0,1
4791,1,1,1
4792,0,0,1
4793,0,0,1
4794,1,1,1
4795,0,0,1
4796,1,1,1
4797,1,1,1
4798,0,0,1
4799,0,0,1
4800,1,1,1
4801,0,0,1
4802,1,1,1
4803,0,0,1
4804,1,1,1
4805,0,0,1
4806,0,0,1
4807,0,0,1
4808,0,0,1
4809,1,1,1
4810,0,0,1
4811,0,0,1
4812,1,1,1
4813,0,0,1
4814,1,1,1
4815,0,0,1
4816,1,1,1
4817,0,0,1
4818,1,1,1
4819,0,0,1
4820,1,1,1
4821,1,1,1
4822,0,0,1
4823,0,0,1
4824,1,1,1
4825,0,0,1
4826,0,0,1
4827,1,1,1
4828,1,1,1
4829,1,1,1
4830,0,0,1
4831,0,0,1
4832,1,1,1
4833,0,0,1
4834,1,1,1
4835,0,0,1
4836,0,0,1
4837,0,0,1
4838,1,1,1
4839,1,1,1
4840,0,0,1
4841,1,1,1
4842,1,1,1
4843,0,0,1
4844,0,0,1
4845,0,0,1
4846,1,1,1
4847,1,1,1
4848,0,0,1
4849,1,1,1
4850,1,0,0
4851,1,1,1
4852,1,1,1
4853,0,0,1
4854,1,0,0
4855,1,1,1
4856,0,0,1
4857,1,1,1
4858,0,0,1
4859,0,0,1
4860,1,1,1
4861,1,1,1
4862,1,1,1
4863,0,0,1
4864,1,1,1
4865,1,1,1
4866,0,0,1
4867,1,0,0
4868,1,1,1
4869,1,1,1
4870,0,0,1
4871,1,1,1
4872,0,0,1
4873,1,1,1
4874,1,1,1
4875,0,0,1
4876,1,1,1
4877,0,0,1
4878,1,1,1
4879,1,0,0
4880,1,1,1
4881,0,0,1
4882,0,0,1
4883,0,0,1
4884,0,0,1
4885,0,0,1
4886,0,0,1
4887,0,0,1
4888,0,0,1
4889,1,1,1
4890,0,0,1
4891,0,0,1
4892,0,0,1
4893,0,0,1
4894,1,1,1
4895,1,0,0
4896,1,1,1
4897,1,1,1
4898,1,1,1
4899,1,1,1
4900,0,0,1
4901,0,0,1
4902,0,0,1
4903,1,1,1
4904,1,1,1
4905,0,0,1
4906,0,0,1
4907,1,1,1
4908,0,0,1
4909,1,1,1
4910,1,1,1
4911,1,1,1
4912,0,0,1
4913,0,0,1
4914,1,0,0
4915,1,0,0
4916,0,0,1
4917,1,1,1
4918,0,0,1
4919,1,1,1
4920,1,1,1
4921,1,1,1
4922,1,1,1
4923,0,0,1
4924,0,0,1
4925,0,0,1
4926,1,1,1
4927,1,1,1
4928,0,0,1
4929,1,1,1
4930,1,1,1
4931,0,0,1
4932,1,1,1
4933,0,0,1
4934,0,0,1
4935,0,0,1
4936,0,0,1
4937,0,0,1
4938,0,0,1
4939,1,1,1
4940,1,1,1
4941,0,0,1
4942,1,1,1
4943,0,0,1
4944,1,1,1
4945,1,1,1
4946,0,0,1
4947,1,1,1
4948,1,1,1
4949,1,1,1
4950,0,0,1
4951,1,1,1
4952,1,1,1
4953,1,1,1
4954,0,0,1
4955,1,0,0
4956,1,1,1
4957,1,1,1
4958,0,0,1
4959,1,1,1
4960,0,0,1
4961,0,0,1
4962,0,0,1
4963,1,1,1
4964,0,0,1
4965,0,0,1
4966,0,0,1
4967,1,1,1
4968,1,1,1
4969,0,0,1
4970,1,1,1
4971,0,0,1
4972,0,0,1
4973,1,1,1
4974,1,1,1
4975,1,1,1
4976,0,0,1
4977,0,0,1
4978,0,0,1
4979,0,0,1
4980,0,0,1
4981,1,0,0
4982,1,0,0
4983,0,0,1
4984,0,0,1
4985,1,1,1
4986,0,0,1
4987,0,0,1
4988,1,1,1
4989,1,1,1
4990,1,1,1
4991,1,1,1
4992,1,1,1
4993,1,1,1
4994,1,0,0
4995,0,0,1
4996,1,1,1
4997,0,0,1
4998,0,0,1
4999,1,1,1
